/*
SQLyog Ultimate v12.09 (64 bit)
MySQL - 10.4.8-MariaDB : Database - db_paktikum_prognet
*********************************************************************
*/

/*!40101 SET NAMES utf8 */;

/*!40101 SET SQL_MODE=''*/;

/*!40014 SET @OLD_UNIQUE_CHECKS=@@UNIQUE_CHECKS, UNIQUE_CHECKS=0 */;
/*!40014 SET @OLD_FOREIGN_KEY_CHECKS=@@FOREIGN_KEY_CHECKS, FOREIGN_KEY_CHECKS=0 */;
/*!40101 SET @OLD_SQL_MODE=@@SQL_MODE, SQL_MODE='NO_AUTO_VALUE_ON_ZERO' */;
/*!40111 SET @OLD_SQL_NOTES=@@SQL_NOTES, SQL_NOTES=0 */;
CREATE DATABASE /*!32312 IF NOT EXISTS*/`db_paktikum_prognet` /*!40100 DEFAULT CHARACTER SET latin1 */;

USE `db_paktikum_prognet`;

/*Table structure for table `admin_notifications` */

DROP TABLE IF EXISTS `admin_notifications`;

CREATE TABLE `admin_notifications` (
  `id` char(36) COLLATE utf8mb4_unicode_ci NOT NULL,
  `type` varchar(191) COLLATE utf8mb4_unicode_ci NOT NULL,
  `notifiable_type` varchar(191) COLLATE utf8mb4_unicode_ci NOT NULL,
  `notifiable_id` int(10) unsigned NOT NULL,
  `data` text COLLATE utf8mb4_unicode_ci NOT NULL,
  `read_at` timestamp NULL DEFAULT NULL,
  `created_at` timestamp NULL DEFAULT NULL,
  `updated_at` timestamp NULL DEFAULT NULL,
  PRIMARY KEY (`id`),
  KEY `seller_notifications_notifiable_type_notifiable_id_index` (`notifiable_type`,`notifiable_id`),
  KEY `notifiable_id` (`notifiable_id`),
  CONSTRAINT `admin_notifications_ibfk_1` FOREIGN KEY (`notifiable_id`) REFERENCES `admins` (`id`)
) ENGINE=InnoDB DEFAULT CHARSET=utf8mb4 COLLATE=utf8mb4_unicode_ci;

/*Data for the table `admin_notifications` */

insert  into `admin_notifications`(`id`,`type`,`notifiable_type`,`notifiable_id`,`data`,`read_at`,`created_at`,`updated_at`) values ('07d12869-120a-4739-a557-2dbc79c5bced','App\\Notifications\\AdminNotification','App\\Admin',1,'<a class=\'dropdown-item\' href=\'/admin/transaksi/detail/22\'><div class=\'item-content flex-grow\'><h6 class=\'ellipsis font-weight-normal\'>Test</h6><p class=\'font-weight-light small-text text-muted mb-0\'>Ada Transaksi Baru</p></div></a>',NULL,'2021-06-02 16:47:16','2021-06-02 16:47:16'),('12fa6a7e-bb1b-42db-a8dc-a602e247737a','App\\Notifications\\AdminNotification','App\\Admin',1,'<a class=\'dropdown-item\' href=\'/admin/transaksi/detail/14\'><div class=\'item-content flex-grow\'><h6 class=\'ellipsis font-weight-normal\'>Test</h6><p class=\'font-weight-light small-text text-muted mb-0\'>Bukti Bayar Diupload</p></div></a>',NULL,'2021-05-30 08:35:07','2021-05-30 08:35:07'),('19846e88-32cb-44d0-8323-b76a77af6a27','App\\Notifications\\AdminNotification','App\\Admin',1,'<a class=\'dropdown-item\' href=\'/admin/transaksi/detail/20\'><div class=\'item-content flex-grow\'><h6 class=\'ellipsis font-weight-normal\'>Test</h6><p class=\'font-weight-light small-text text-muted mb-0\'>Ada Transaksi Baru</p></div></a>',NULL,'2021-06-01 01:08:07','2021-06-01 01:08:07'),('19bbbf13-76c6-4293-9bce-187280d03f75','App\\Notifications\\AdminNotification','App\\Admin',1,'<a class=\'dropdown-item\' href=\'/admin/transaksi/detail/24\'><div class=\'item-content flex-grow\'><h6 class=\'ellipsis font-weight-normal\'>Test</h6><p class=\'font-weight-light small-text text-muted mb-0\'>Ada Transaksi Baru</p></div></a>',NULL,'2021-06-02 17:00:35','2021-06-02 17:00:35'),('2a56f7ab-d179-4b37-99d6-e6d8df880ac8','App\\Notifications\\AdminNotification','App\\Admin',1,'<a class=\'dropdown-item\' href=\'/admin/products/1\'><div class=\'item-content flex-grow\'><h6 class=\'ellipsis font-weight-normal\'></h6><p class=\'font-weight-light small-text text-muted mb-0\'>Produk diberikan Review!</p></div></a>',NULL,'2021-05-31 17:45:17','2021-05-31 17:45:17'),('36bdf80c-9ef2-45ff-848c-95258ac7ec50','App\\Notifications\\AdminNotification','App\\Admin',1,'<a class=\'dropdown-item\' href=\'/admin/transaksi/detail/24\'><div class=\'item-content flex-grow\'><h6 class=\'ellipsis font-weight-normal\'>Test</h6><p class=\'font-weight-light small-text text-muted mb-0\'>Bukti Bayar Diupload</p></div></a>',NULL,'2021-06-02 09:00:44','2021-06-02 09:00:44'),('3a6ab82d-d818-4d5d-a47d-2103a9f12beb','App\\Notifications\\AdminNotification','App\\Admin',1,'<a class=\'dropdown-item\' href=\'/admin/transaksi/detail/2\'><div class=\'item-content flex-grow\'><h6 class=\'ellipsis font-weight-normal\'>Test</h6><p class=\'font-weight-light small-text text-muted mb-0\'>Bukti Bayar Diupload</p></div></a>',NULL,'2021-05-31 14:31:16','2021-05-31 14:31:16'),('3e955591-e1a2-4b7d-bc02-1695961c9af9','App\\Notifications\\AdminNotification','App\\Admin',1,'<a class=\'dropdown-item\' href=\'/admin/transaksi/detail/32\'><div class=\'item-content flex-grow\'><h6 class=\'ellipsis font-weight-normal\'>Admin</h6><p class=\'font-weight-light small-text text-muted mb-0\'>Ada Transaksi Baru</p></div></a>',NULL,'2021-06-03 16:42:17','2021-06-03 16:42:17'),('4f627d93-7b98-4d15-80ee-f991ebd5058d','App\\Notifications\\AdminNotification','App\\Admin',1,'<a class=\'dropdown-item\' href=\'/admin/products/1\'><div class=\'item-content flex-grow\'><h6 class=\'ellipsis font-weight-normal\'></h6><p class=\'font-weight-light small-text text-muted mb-0\'>Produk diberikan Review!</p></div></a>',NULL,'2021-05-31 17:45:09','2021-05-31 17:45:09'),('522c9ee7-40b1-44ef-94fd-47aa89333f73','App\\Notifications\\AdminNotification','App\\Admin',1,'<a class=\'dropdown-item\' href=\'/admin/transaksi/detail/15\'><div class=\'item-content flex-grow\'><h6 class=\'ellipsis font-weight-normal\'>Test</h6><p class=\'font-weight-light small-text text-muted mb-0\'>Ada Transaksi Baru</p></div></a>',NULL,'2021-05-31 20:32:43','2021-05-31 20:32:43'),('53763f53-2132-44b9-9ccc-6a6033615543','App\\Notifications\\AdminNotification','App\\Admin',1,'<a class=\'dropdown-item\' href=\'/admin/products/4\'><div class=\'item-content flex-grow\'><h6 class=\'ellipsis font-weight-normal\'></h6><p class=\'font-weight-light small-text text-muted mb-0\'>Produk diberikan Review!</p></div></a>',NULL,'2021-06-03 08:08:28','2021-06-03 08:08:28'),('54665d13-93c8-422a-ad14-92d58b1d6d25','App\\Notifications\\AdminNotification','App\\Admin',1,'<a class=\'dropdown-item\' href=\'/admin/transaksi/detail/25\'><div class=\'item-content flex-grow\'><h6 class=\'ellipsis font-weight-normal\'>Test</h6><p class=\'font-weight-light small-text text-muted mb-0\'>Bukti Bayar Diupload</p></div></a>',NULL,'2021-06-02 10:15:37','2021-06-02 10:15:37'),('60a24fa7-e501-42ed-8d06-1e20d6260ad6','App\\Notifications\\AdminNotification','App\\Admin',1,'<a class=\'dropdown-item\' href=\'/admin/transaksi/detail/9\'><div class=\'item-content flex-grow\'><h6 class=\'ellipsis font-weight-normal\'>Test</h6><p class=\'font-weight-light small-text text-muted mb-0\'>Ada Transaksi Baru</p></div></a>','2021-05-27 08:27:01','2021-05-27 15:12:24','2021-05-27 08:27:01'),('63ec8587-5e1f-4cd6-a428-d79dd5b16055','App\\Notifications\\AdminNotification','App\\Admin',1,'<a class=\'dropdown-item\' href=\'/admin/transaksi/detail/25\'><div class=\'item-content flex-grow\'><h6 class=\'ellipsis font-weight-normal\'>Test</h6><p class=\'font-weight-light small-text text-muted mb-0\'>Ada Transaksi Baru</p></div></a>',NULL,'2021-06-02 18:05:12','2021-06-02 18:05:12'),('647dcbb4-9223-4e67-94a2-67beb4333496','App\\Notifications\\AdminNotification','App\\Admin',1,'<a class=\'dropdown-item\' href=\'/admin/products/4\'><div class=\'item-content flex-grow\'><h6 class=\'ellipsis font-weight-normal\'></h6><p class=\'font-weight-light small-text text-muted mb-0\'>Produk diberikan Review!</p></div></a>',NULL,'2021-05-31 14:27:08','2021-05-31 14:27:08'),('66000a98-31bc-4646-a515-484a7811c7a6','App\\Notifications\\AdminNotification','App\\Admin',1,'<a class=\'dropdown-item\' href=\'/admin/transaksi/detail/12\'><div class=\'item-content flex-grow\'><h6 class=\'ellipsis font-weight-normal\'>Test</h6><p class=\'font-weight-light small-text text-muted mb-0\'>Ada Transaksi Baru</p></div></a>',NULL,'2021-05-27 19:52:13','2021-05-27 19:52:13'),('6d4b2864-742f-45de-a4cc-7b00fec2e5a7','App\\Notifications\\AdminNotification','App\\Admin',1,'<a class=\'dropdown-item\' href=\'/admin/transaksi/detail/28\'><div class=\'item-content flex-grow\'><h6 class=\'ellipsis font-weight-normal\'>Test</h6><p class=\'font-weight-light small-text text-muted mb-0\'>Ada Transaksi Baru</p></div></a>',NULL,'2021-06-03 01:38:25','2021-06-03 01:38:25'),('71452f42-d9b8-41a1-8509-1a24235f8172','App\\Notifications\\AdminNotification','App\\Admin',1,'<a class=\'dropdown-item\' href=\'/admin/transaksi/detail/17\'><div class=\'item-content flex-grow\'><h6 class=\'ellipsis font-weight-normal\'>Test</h6><p class=\'font-weight-light small-text text-muted mb-0\'>Bukti Bayar Diupload</p></div></a>',NULL,'2021-05-31 14:06:24','2021-05-31 14:06:24'),('724115f2-a21a-4418-bb98-cd838348d552','App\\Notifications\\AdminNotification','App\\Admin',1,'<a class=\'dropdown-item\' href=\'/admin/transaksi/detail/17\'><div class=\'item-content flex-grow\'><h6 class=\'ellipsis font-weight-normal\'>Test</h6><p class=\'font-weight-light small-text text-muted mb-0\'>Ada Transaksi Baru</p></div></a>',NULL,'2021-05-31 22:06:14','2021-05-31 22:06:14'),('74b46827-08ad-4f83-a293-9cd4a97bf41b','App\\Notifications\\AdminNotification','App\\Admin',1,'<a class=\'dropdown-item\' href=\'/admin/transaksi/detail/11\'><div class=\'item-content flex-grow\'><h6 class=\'ellipsis font-weight-normal\'>Test</h6><p class=\'font-weight-light small-text text-muted mb-0\'>Ada Transaksi Baru</p></div></a>',NULL,'2021-05-27 16:27:15','2021-05-27 16:27:15'),('753f23ef-350a-4bba-aa32-367c63aa332d','App\\Notifications\\AdminNotification','App\\Admin',1,'<a class=\'dropdown-item\' href=\'/admin/transaksi/detail/31\'><div class=\'item-content flex-grow\'><h6 class=\'ellipsis font-weight-normal\'>Test</h6><p class=\'font-weight-light small-text text-muted mb-0\'>Bukti Bayar Diupload</p></div></a>',NULL,'2021-06-03 08:30:01','2021-06-03 08:30:01'),('7af8247e-5b86-450e-8da7-3ff390724bed','App\\Notifications\\AdminNotification','App\\Admin',1,'<a class=\'dropdown-item\' href=\'/admin/transaksi/detail/13\'><div class=\'item-content flex-grow\'><h6 class=\'ellipsis font-weight-normal\'>Test</h6><p class=\'font-weight-light small-text text-muted mb-0\'>Ada Transaksi Baru</p></div></a>',NULL,'2021-05-27 20:12:57','2021-05-27 20:12:57'),('7f75327c-2046-4613-88e7-5c4f97a8b9e1','App\\Notifications\\AdminNotification','App\\Admin',1,'<a class=\'dropdown-item\' href=\'/admin/transaksi/detail/29\'><div class=\'item-content flex-grow\'><h6 class=\'ellipsis font-weight-normal\'>Test</h6><p class=\'font-weight-light small-text text-muted mb-0\'>Ada Transaksi Baru</p></div></a>',NULL,'2021-06-03 01:43:21','2021-06-03 01:43:21'),('852ee33b-3f01-4055-a028-e30137b63d64','App\\Notifications\\AdminNotification','App\\Admin',1,'<a class=\'dropdown-item\' href=\'/admin/transaksi/detail/8\'><div class=\'item-content flex-grow\'><h6 class=\'ellipsis font-weight-normal\'>Test</h6><p class=\'font-weight-light small-text text-muted mb-0\'>Ada Transaksi Baru</p></div></a>','2021-05-27 08:27:01','2021-05-27 15:10:28','2021-05-27 08:27:01'),('8c8c6b64-c23e-4bfd-9782-f11d81410b58','App\\Notifications\\AdminNotification','App\\Admin',1,'<a class=\'dropdown-item\' href=\'/admin/transaksi/detail/21\'><div class=\'item-content flex-grow\'><h6 class=\'ellipsis font-weight-normal\'>Test</h6><p class=\'font-weight-light small-text text-muted mb-0\'>Bukti Bayar Diupload</p></div></a>',NULL,'2021-06-02 08:45:54','2021-06-02 08:45:54'),('983692ab-bff8-4633-b97b-7413593245c0','App\\Notifications\\AdminNotification','App\\Admin',1,'<a class=\'dropdown-item\' href=\'/admin/transaksi/detail/18\'><div class=\'item-content flex-grow\'><h6 class=\'ellipsis font-weight-normal\'>Test</h6><p class=\'font-weight-light small-text text-muted mb-0\'>Bukti Bayar Diupload</p></div></a>',NULL,'2021-05-31 14:23:50','2021-05-31 14:23:50'),('a21a21a3-383e-4a37-9cf1-fbf5bde8395c','App\\Notifications\\AdminNotification','App\\Admin',1,'<a class=\'dropdown-item\' href=\'/admin/transaksi/detail/16\'><div class=\'item-content flex-grow\'><h6 class=\'ellipsis font-weight-normal\'>Test</h6><p class=\'font-weight-light small-text text-muted mb-0\'>Ada Transaksi Baru</p></div></a>',NULL,'2021-05-31 22:05:47','2021-05-31 22:05:47'),('a310dc11-9fa9-4da4-a626-7c06c2d3be32','App\\Notifications\\AdminNotification','App\\Admin',1,'<a class=\'dropdown-item\' href=\'/admin/transaksi/detail/30\'><div class=\'item-content flex-grow\'><h6 class=\'ellipsis font-weight-normal\'>Test</h6><p class=\'font-weight-light small-text text-muted mb-0\'>Ada Transaksi Baru</p></div></a>',NULL,'2021-06-03 16:07:46','2021-06-03 16:07:46'),('a6fc315c-c1f6-4ff8-9e41-6a73afe9d82a','App\\Notifications\\AdminNotification','App\\Admin',1,'<a class=\'dropdown-item\' href=\'/admin/transaksi/detail/21\'><div class=\'item-content flex-grow\'><h6 class=\'ellipsis font-weight-normal\'>Test</h6><p class=\'font-weight-light small-text text-muted mb-0\'>Ada Transaksi Baru</p></div></a>',NULL,'2021-06-02 16:45:40','2021-06-02 16:45:40'),('ac43f824-028c-4438-88f0-4b1ee9195967','App\\Notifications\\AdminNotification','App\\Admin',1,'<a class=\'dropdown-item\' href=\'/admin/products/4\'><div class=\'item-content flex-grow\'><h6 class=\'ellipsis font-weight-normal\'></h6><p class=\'font-weight-light small-text text-muted mb-0\'>Produk diberikan Review!</p></div></a>',NULL,'2021-06-03 08:30:25','2021-06-03 08:30:25'),('af3c16a1-b844-4f61-97e4-704dd7aaf685','App\\Notifications\\AdminNotification','App\\Admin',1,'<a class=\'dropdown-item\' href=\'/admin/transaksi/detail/20\'><div class=\'item-content flex-grow\'><h6 class=\'ellipsis font-weight-normal\'>Test</h6><p class=\'font-weight-light small-text text-muted mb-0\'>Bukti Bayar Diupload</p></div></a>',NULL,'2021-05-31 17:09:00','2021-05-31 17:09:00'),('b1630c01-3e11-4d27-ab1d-cb30243ae343','App\\Notifications\\AdminNotification','App\\Admin',1,'<a class=\'dropdown-item\' href=\'/admin/transaksi/detail/27\'><div class=\'item-content flex-grow\'><h6 class=\'ellipsis font-weight-normal\'>Test</h6><p class=\'font-weight-light small-text text-muted mb-0\'>Ada Transaksi Baru</p></div></a>',NULL,'2021-06-03 00:06:17','2021-06-03 00:06:17'),('b2301be7-a160-431c-a1c7-f0c3b076bbd7','App\\Notifications\\AdminNotification','App\\Admin',1,'<a class=\'dropdown-item\' href=\'/admin/transaksi/detail/31\'><div class=\'item-content flex-grow\'><h6 class=\'ellipsis font-weight-normal\'>Test</h6><p class=\'font-weight-light small-text text-muted mb-0\'>Ada Transaksi Baru</p></div></a>',NULL,'2021-06-03 16:29:52','2021-06-03 16:29:52'),('b3cb6cef-7099-4ae8-b60c-f1c1d120ab43','App\\Notifications\\AdminNotification','App\\Admin',1,'<a class=\'dropdown-item\' href=\'/admin/transaksi/detail/12\'><div class=\'item-content flex-grow\'><h6 class=\'ellipsis font-weight-normal\'>Test</h6><p class=\'font-weight-light small-text text-muted mb-0\'>Bukti Bayar Diupload</p></div></a>',NULL,'2021-05-27 12:00:04','2021-05-27 12:00:04'),('b6f528e6-88f4-404a-b7b0-e31e1ed20e8a','App\\Notifications\\AdminNotification','App\\Admin',1,'<a class=\'dropdown-item\' href=\'/admin/products/1\'><div class=\'item-content flex-grow\'><h6 class=\'ellipsis font-weight-normal\'></h6><p class=\'font-weight-light small-text text-muted mb-0\'>Produk diberikan Review!</p></div></a>',NULL,'2021-05-27 12:11:33','2021-05-27 12:11:33'),('b845a007-71ae-4c0a-9bae-c2663d978518','App\\Notifications\\AdminNotification','App\\Admin',1,'<a class=\'dropdown-item\' href=\'/admin/transaksi/detail/19\'><div class=\'item-content flex-grow\'><h6 class=\'ellipsis font-weight-normal\'>Test</h6><p class=\'font-weight-light small-text text-muted mb-0\'>Bukti Bayar Diupload</p></div></a>',NULL,'2021-05-31 14:26:35','2021-05-31 14:26:35'),('b9918a67-e294-4739-b0f3-aea130e640c6','App\\Notifications\\AdminNotification','App\\Admin',1,'<a class=\'dropdown-item\' href=\'/admin/transaksi/detail/23\'><div class=\'item-content flex-grow\'><h6 class=\'ellipsis font-weight-normal\'>Test</h6><p class=\'font-weight-light small-text text-muted mb-0\'>Bukti Bayar Diupload</p></div></a>',NULL,'2021-06-02 08:58:13','2021-06-02 08:58:13'),('c4a72a66-11d8-431c-bb4a-d58797881b68','App\\Notifications\\AdminNotification','App\\Admin',1,'<a class=\'dropdown-item\' href=\'/admin/transaksi/detail/19\'><div class=\'item-content flex-grow\'><h6 class=\'ellipsis font-weight-normal\'>Test</h6><p class=\'font-weight-light small-text text-muted mb-0\'>Ada Transaksi Baru</p></div></a>',NULL,'2021-05-31 22:26:25','2021-05-31 22:26:25'),('c9c1561f-e4aa-4def-8de4-d06370a51042','App\\Notifications\\AdminNotification','App\\Admin',1,'<a class=\'dropdown-item\' href=\'/admin/transaksi/detail/26\'><div class=\'item-content flex-grow\'><h6 class=\'ellipsis font-weight-normal\'>Test</h6><p class=\'font-weight-light small-text text-muted mb-0\'>Ada Transaksi Baru</p></div></a>',NULL,'2021-06-03 00:03:08','2021-06-03 00:03:08'),('d0672af8-ee12-4e4e-afde-43aaba3a3e45','App\\Notifications\\AdminNotification','App\\Admin',1,'<a class=\'dropdown-item\' href=\'/admin/transaksi/detail/22\'><div class=\'item-content flex-grow\'><h6 class=\'ellipsis font-weight-normal\'>Test</h6><p class=\'font-weight-light small-text text-muted mb-0\'>Bukti Bayar Diupload</p></div></a>',NULL,'2021-06-02 08:47:26','2021-06-02 08:47:26'),('d4883064-d8b9-4e8f-8e25-1d69bf7bcc32','App\\Notifications\\AdminNotification','App\\Admin',1,'<a class=\'dropdown-item\' href=\'/admin/transaksi/detail/18\'><div class=\'item-content flex-grow\'><h6 class=\'ellipsis font-weight-normal\'>Test</h6><p class=\'font-weight-light small-text text-muted mb-0\'>Ada Transaksi Baru</p></div></a>',NULL,'2021-05-31 22:23:24','2021-05-31 22:23:24'),('da8a194b-3600-4904-aa2c-c44937657743','App\\Notifications\\AdminNotification','App\\Admin',1,'<a class=\'dropdown-item\' href=\'/admin/transaksi/detail/30\'><div class=\'item-content flex-grow\'><h6 class=\'ellipsis font-weight-normal\'>Test</h6><p class=\'font-weight-light small-text text-muted mb-0\'>Bukti Bayar Diupload</p></div></a>',NULL,'2021-06-03 08:07:57','2021-06-03 08:07:57'),('dad2df18-adde-43d4-809e-cca5f5a21f7c','App\\Notifications\\AdminNotification','App\\Admin',1,'<a class=\'dropdown-item\' href=\'/admin/transaksi/detail/10\'><div class=\'item-content flex-grow\'><h6 class=\'ellipsis font-weight-normal\'>Test</h6><p class=\'font-weight-light small-text text-muted mb-0\'>Ada Transaksi Baru</p></div></a>','2021-05-27 08:27:01','2021-05-27 15:26:21','2021-05-27 08:27:01'),('db95979d-1c05-4c2c-ae49-c0f8b807dca5','App\\Notifications\\AdminNotification','App\\Admin',1,'<a class=\'dropdown-item\' href=\'/admin/transaksi/detail/7\'><div class=\'item-content flex-grow\'><h6 class=\'ellipsis font-weight-normal\'>Test</h6><p class=\'font-weight-light small-text text-muted mb-0\'>Ada Transaksi Baru</p></div></a>','2021-05-27 08:27:01','2021-05-27 15:09:29','2021-05-27 08:27:01'),('e16b56eb-602a-4df8-a003-4c6e7494caf8','App\\Notifications\\AdminNotification','App\\Admin',1,'<a class=\'dropdown-item\' href=\'/admin/products/1\'><div class=\'item-content flex-grow\'><h6 class=\'ellipsis font-weight-normal\'></h6><p class=\'font-weight-light small-text text-muted mb-0\'>Produk diberikan Review!</p></div></a>',NULL,'2021-06-02 10:16:19','2021-06-02 10:16:19'),('f2cfab4e-f0c6-4d11-bba8-be271dd53459','App\\Notifications\\AdminNotification','App\\Admin',1,'<a class=\'dropdown-item\' href=\'/admin/transaksi/detail/33\'><div class=\'item-content flex-grow\'><h6 class=\'ellipsis font-weight-normal\'>Admin</h6><p class=\'font-weight-light small-text text-muted mb-0\'>Ada Transaksi Baru</p></div></a>',NULL,'2021-06-03 16:42:34','2021-06-03 16:42:34'),('f526fa20-a930-4e09-b5cd-454d871a6335','App\\Notifications\\AdminNotification','App\\Admin',1,'<a class=\'dropdown-item\' href=\'/admin/transaksi/detail/1\'><div class=\'item-content flex-grow\'><h6 class=\'ellipsis font-weight-normal\'>Test</h6><p class=\'font-weight-light small-text text-muted mb-0\'>Bukti Bayar Diupload</p></div></a>',NULL,'2021-05-31 14:30:41','2021-05-31 14:30:41'),('f85e4ee0-a9f1-4041-82e7-b6296e59d4b0','App\\Notifications\\AdminNotification','App\\Admin',1,'<a class=\'dropdown-item\' href=\'/admin/transaksi/detail/14\'><div class=\'item-content flex-grow\'><h6 class=\'ellipsis font-weight-normal\'>Test</h6><p class=\'font-weight-light small-text text-muted mb-0\'>Ada Transaksi Baru</p></div></a>',NULL,'2021-05-30 16:34:56','2021-05-30 16:34:56'),('fd021fd9-002a-413c-9f0a-27264162b9f4','App\\Notifications\\AdminNotification','App\\Admin',1,'<a class=\'dropdown-item\' href=\'/admin/transaksi/detail/23\'><div class=\'item-content flex-grow\'><h6 class=\'ellipsis font-weight-normal\'>Test</h6><p class=\'font-weight-light small-text text-muted mb-0\'>Ada Transaksi Baru</p></div></a>',NULL,'2021-06-02 16:58:04','2021-06-02 16:58:04');

/*Table structure for table `admins` */

DROP TABLE IF EXISTS `admins`;

CREATE TABLE `admins` (
  `id` int(10) unsigned NOT NULL AUTO_INCREMENT,
  `username` varchar(191) COLLATE utf8mb4_unicode_ci DEFAULT NULL,
  `password` varchar(191) COLLATE utf8mb4_unicode_ci NOT NULL,
  `name` varchar(191) COLLATE utf8mb4_unicode_ci NOT NULL,
  `profile_image` varchar(191) COLLATE utf8mb4_unicode_ci NOT NULL,
  `phone` varchar(12) COLLATE utf8mb4_unicode_ci NOT NULL,
  `remember_token` varchar(100) COLLATE utf8mb4_unicode_ci DEFAULT NULL,
  `created_at` timestamp NULL DEFAULT NULL,
  `updated_at` timestamp NULL DEFAULT NULL,
  `status` int(11) DEFAULT NULL,
  PRIMARY KEY (`id`),
  UNIQUE KEY `sellers_email_unique` (`phone`)
) ENGINE=InnoDB AUTO_INCREMENT=2 DEFAULT CHARSET=utf8mb4 COLLATE=utf8mb4_unicode_ci;

/*Data for the table `admins` */

insert  into `admins`(`id`,`username`,`password`,`name`,`profile_image`,`phone`,`remember_token`,`created_at`,`updated_at`,`status`) values (1,'t3st','$2y$10$LqZfEyLQsPzeO4uC6PYk2u/JlTGHKlW4TDRuej2A9CY1fUybkKRTu','Admin','def.png','081111111','ZTTeGaeeVtaon3A4FkSDuYhqCAZTvHS3XfewUhnLQwZnPeCYjT38IB8I7E5x','2020-03-15 12:41:41','2020-03-15 12:41:41',1);

/*Table structure for table `carts` */

DROP TABLE IF EXISTS `carts`;

CREATE TABLE `carts` (
  `id` int(10) unsigned NOT NULL AUTO_INCREMENT,
  `user_id` int(10) unsigned NOT NULL,
  `product_id` int(10) unsigned NOT NULL,
  `qty` int(11) NOT NULL,
  `created_at` timestamp NULL DEFAULT NULL,
  `updated_at` timestamp NULL DEFAULT NULL,
  `status` enum('checkedout','notyet','cancelled') COLLATE utf8mb4_unicode_ci DEFAULT NULL,
  `deleted_at` timestamp NULL DEFAULT NULL,
  PRIMARY KEY (`id`),
  KEY `user_id` (`user_id`),
  KEY `product_id` (`product_id`),
  CONSTRAINT `carts_ibfk_1` FOREIGN KEY (`user_id`) REFERENCES `users` (`id`),
  CONSTRAINT `carts_ibfk_2` FOREIGN KEY (`product_id`) REFERENCES `products` (`id`)
) ENGINE=InnoDB AUTO_INCREMENT=16 DEFAULT CHARSET=utf8mb4 COLLATE=utf8mb4_unicode_ci;

/*Data for the table `carts` */

insert  into `carts`(`id`,`user_id`,`product_id`,`qty`,`created_at`,`updated_at`,`status`,`deleted_at`) values (1,1,3,1,'2021-05-06 09:38:21','2021-05-27 06:40:45','cancelled',NULL),(2,1,1,2,'2021-05-27 10:33:16','2021-05-27 10:58:37','cancelled',NULL),(3,1,1,2,'2021-05-27 10:58:50','2021-05-27 10:58:55','cancelled',NULL),(4,1,1,2,'2021-05-31 16:58:43','2021-05-31 10:23:11','cancelled',NULL),(5,1,1,2,'2021-05-31 17:56:51','2021-05-31 10:22:34','cancelled',NULL),(6,1,3,3,'2021-05-31 10:22:42','2021-05-31 10:23:52','cancelled',NULL),(7,1,1,2,'2021-05-31 18:41:38','2021-05-31 20:32:43','checkedout',NULL),(10,1,1,1,'2021-05-31 21:04:57','2021-05-31 14:06:01','cancelled',NULL),(11,1,1,1,'2021-05-31 21:05:06','2021-05-31 14:20:56','cancelled',NULL),(12,1,1,1,'2021-05-31 14:21:35','2021-05-31 22:23:24','checkedout',NULL),(13,1,1,1,'2021-06-02 09:41:43','2021-06-02 09:41:50','cancelled',NULL),(14,1,1,1,'2021-06-02 09:53:34','2021-06-02 09:53:44','cancelled',NULL),(15,1,1,1,'2021-06-02 09:53:58','2021-06-02 09:54:05','cancelled',NULL);

/*Table structure for table `cities` */

DROP TABLE IF EXISTS `cities`;

CREATE TABLE `cities` (
  `id` bigint(20) unsigned NOT NULL AUTO_INCREMENT,
  `province_id` int(10) unsigned NOT NULL,
  `city_id` int(10) unsigned NOT NULL,
  `title` varchar(191) COLLATE utf8mb4_unicode_ci NOT NULL,
  `created_at` timestamp NULL DEFAULT NULL,
  `updated_at` timestamp NULL DEFAULT NULL,
  PRIMARY KEY (`id`)
) ENGINE=InnoDB AUTO_INCREMENT=502 DEFAULT CHARSET=utf8mb4 COLLATE=utf8mb4_unicode_ci;

/*Data for the table `cities` */

insert  into `cities`(`id`,`province_id`,`city_id`,`title`,`created_at`,`updated_at`) values (1,1,17,'Badung','2020-05-04 16:15:23','2020-05-04 16:15:23'),(2,1,32,'Bangli','2020-05-04 16:15:23','2020-05-04 16:15:23'),(3,1,94,'Buleleng','2020-05-04 16:15:23','2020-05-04 16:15:23'),(4,1,114,'Denpasar','2020-05-04 16:15:23','2020-05-04 16:15:23'),(5,1,128,'Gianyar','2020-05-04 16:15:23','2020-05-04 16:15:23'),(6,1,161,'Jembrana','2020-05-04 16:15:23','2020-05-04 16:15:23'),(7,1,170,'Karangasem','2020-05-04 16:15:23','2020-05-04 16:15:23'),(8,1,197,'Klungkung','2020-05-04 16:15:23','2020-05-04 16:15:23'),(9,1,447,'Tabanan','2020-05-04 16:15:23','2020-05-04 16:15:23'),(10,2,27,'Bangka','2020-05-04 16:15:25','2020-05-04 16:15:25'),(11,2,28,'Bangka Barat','2020-05-04 16:15:26','2020-05-04 16:15:26'),(12,2,29,'Bangka Selatan','2020-05-04 16:15:26','2020-05-04 16:15:26'),(13,2,30,'Bangka Tengah','2020-05-04 16:15:26','2020-05-04 16:15:26'),(14,2,56,'Belitung','2020-05-04 16:15:26','2020-05-04 16:15:26'),(15,2,57,'Belitung Timur','2020-05-04 16:15:26','2020-05-04 16:15:26'),(16,2,334,'Pangkal Pinang','2020-05-04 16:15:26','2020-05-04 16:15:26'),(17,3,106,'Cilegon','2020-05-04 16:15:28','2020-05-04 16:15:28'),(18,3,232,'Lebak','2020-05-04 16:15:28','2020-05-04 16:15:28'),(19,3,331,'Pandeglang','2020-05-04 16:15:28','2020-05-04 16:15:28'),(20,3,402,'Serang','2020-05-04 16:15:28','2020-05-04 16:15:28'),(21,3,403,'Serang','2020-05-04 16:15:29','2020-05-04 16:15:29'),(22,3,455,'Tangerang','2020-05-04 16:15:29','2020-05-04 16:15:29'),(23,3,456,'Tangerang','2020-05-04 16:15:29','2020-05-04 16:15:29'),(24,3,457,'Tangerang Selatan','2020-05-04 16:15:29','2020-05-04 16:15:29'),(25,4,62,'Bengkulu','2020-05-04 16:15:30','2020-05-04 16:15:30'),(26,4,63,'Bengkulu Selatan','2020-05-04 16:15:30','2020-05-04 16:15:30'),(27,4,64,'Bengkulu Tengah','2020-05-04 16:15:30','2020-05-04 16:15:30'),(28,4,65,'Bengkulu Utara','2020-05-04 16:15:30','2020-05-04 16:15:30'),(29,4,175,'Kaur','2020-05-04 16:15:30','2020-05-04 16:15:30'),(30,4,183,'Kepahiang','2020-05-04 16:15:30','2020-05-04 16:15:30'),(31,4,233,'Lebong','2020-05-04 16:15:30','2020-05-04 16:15:30'),(32,4,294,'Muko Muko','2020-05-04 16:15:30','2020-05-04 16:15:30'),(33,4,379,'Rejang Lebong','2020-05-04 16:15:30','2020-05-04 16:15:30'),(34,4,397,'Seluma','2020-05-04 16:15:30','2020-05-04 16:15:30'),(35,5,39,'Bantul','2020-05-04 16:15:32','2020-05-04 16:15:32'),(36,5,135,'Gunung Kidul','2020-05-04 16:15:32','2020-05-04 16:15:32'),(37,5,210,'Kulon Progo','2020-05-04 16:15:32','2020-05-04 16:15:32'),(38,5,419,'Sleman','2020-05-04 16:15:32','2020-05-04 16:15:32'),(39,5,501,'Yogyakarta','2020-05-04 16:15:32','2020-05-04 16:15:32'),(40,6,151,'Jakarta Barat','2020-05-04 16:15:36','2020-05-04 16:15:36'),(41,6,152,'Jakarta Pusat','2020-05-04 16:15:36','2020-05-04 16:15:36'),(42,6,153,'Jakarta Selatan','2020-05-04 16:15:36','2020-05-04 16:15:36'),(43,6,154,'Jakarta Timur','2020-05-04 16:15:36','2020-05-04 16:15:36'),(44,6,155,'Jakarta Utara','2020-05-04 16:15:36','2020-05-04 16:15:36'),(45,6,189,'Kepulauan Seribu','2020-05-04 16:15:36','2020-05-04 16:15:36'),(46,7,77,'Boalemo','2020-05-04 16:15:37','2020-05-04 16:15:37'),(47,7,88,'Bone Bolango','2020-05-04 16:15:37','2020-05-04 16:15:37'),(48,7,129,'Gorontalo','2020-05-04 16:15:37','2020-05-04 16:15:37'),(49,7,130,'Gorontalo','2020-05-04 16:15:37','2020-05-04 16:15:37'),(50,7,131,'Gorontalo Utara','2020-05-04 16:15:37','2020-05-04 16:15:37'),(51,7,361,'Pohuwato','2020-05-04 16:15:37','2020-05-04 16:15:37'),(52,8,50,'Batang Hari','2020-05-04 16:15:40','2020-05-04 16:15:40'),(53,8,97,'Bungo','2020-05-04 16:15:40','2020-05-04 16:15:40'),(54,8,156,'Jambi','2020-05-04 16:15:40','2020-05-04 16:15:40'),(55,8,194,'Kerinci','2020-05-04 16:15:40','2020-05-04 16:15:40'),(56,8,280,'Merangin','2020-05-04 16:15:40','2020-05-04 16:15:40'),(57,8,293,'Muaro Jambi','2020-05-04 16:15:40','2020-05-04 16:15:40'),(58,8,393,'Sarolangun','2020-05-04 16:15:40','2020-05-04 16:15:40'),(59,8,442,'Sungaipenuh','2020-05-04 16:15:40','2020-05-04 16:15:40'),(60,8,460,'Tanjung Jabung Barat','2020-05-04 16:15:40','2020-05-04 16:15:40'),(61,8,461,'Tanjung Jabung Timur','2020-05-04 16:15:40','2020-05-04 16:15:40'),(62,8,471,'Tebo','2020-05-04 16:15:40','2020-05-04 16:15:40'),(63,9,22,'Bandung','2020-05-04 16:15:42','2020-05-04 16:15:42'),(64,9,23,'Bandung','2020-05-04 16:15:42','2020-05-04 16:15:42'),(65,9,24,'Bandung Barat','2020-05-04 16:15:42','2020-05-04 16:15:42'),(66,9,34,'Banjar','2020-05-04 16:15:42','2020-05-04 16:15:42'),(67,9,54,'Bekasi','2020-05-04 16:15:42','2020-05-04 16:15:42'),(68,9,55,'Bekasi','2020-05-04 16:15:42','2020-05-04 16:15:42'),(69,9,78,'Bogor','2020-05-04 16:15:42','2020-05-04 16:15:42'),(70,9,79,'Bogor','2020-05-04 16:15:42','2020-05-04 16:15:42'),(71,9,103,'Ciamis','2020-05-04 16:15:42','2020-05-04 16:15:42'),(72,9,104,'Cianjur','2020-05-04 16:15:43','2020-05-04 16:15:43'),(73,9,107,'Cimahi','2020-05-04 16:15:43','2020-05-04 16:15:43'),(74,9,108,'Cirebon','2020-05-04 16:15:43','2020-05-04 16:15:43'),(75,9,109,'Cirebon','2020-05-04 16:15:43','2020-05-04 16:15:43'),(76,9,115,'Depok','2020-05-04 16:15:43','2020-05-04 16:15:43'),(77,9,126,'Garut','2020-05-04 16:15:43','2020-05-04 16:15:43'),(78,9,149,'Indramayu','2020-05-04 16:15:43','2020-05-04 16:15:43'),(79,9,171,'Karawang','2020-05-04 16:15:43','2020-05-04 16:15:43'),(80,9,211,'Kuningan','2020-05-04 16:15:43','2020-05-04 16:15:43'),(81,9,252,'Majalengka','2020-05-04 16:15:43','2020-05-04 16:15:43'),(82,9,332,'Pangandaran','2020-05-04 16:15:43','2020-05-04 16:15:43'),(83,9,376,'Purwakarta','2020-05-04 16:15:43','2020-05-04 16:15:43'),(84,9,428,'Subang','2020-05-04 16:15:44','2020-05-04 16:15:44'),(85,9,430,'Sukabumi','2020-05-04 16:15:44','2020-05-04 16:15:44'),(86,9,431,'Sukabumi','2020-05-04 16:15:44','2020-05-04 16:15:44'),(87,9,440,'Sumedang','2020-05-04 16:15:44','2020-05-04 16:15:44'),(88,9,468,'Tasikmalaya','2020-05-04 16:15:44','2020-05-04 16:15:44'),(89,9,469,'Tasikmalaya','2020-05-04 16:15:44','2020-05-04 16:15:44'),(90,10,37,'Banjarnegara','2020-05-04 16:15:53','2020-05-04 16:15:53'),(91,10,41,'Banyumas','2020-05-04 16:15:53','2020-05-04 16:15:53'),(92,10,49,'Batang','2020-05-04 16:15:54','2020-05-04 16:15:54'),(93,10,76,'Blora','2020-05-04 16:15:54','2020-05-04 16:15:54'),(94,10,91,'Boyolali','2020-05-04 16:15:54','2020-05-04 16:15:54'),(95,10,92,'Brebes','2020-05-04 16:15:54','2020-05-04 16:15:54'),(96,10,105,'Cilacap','2020-05-04 16:15:54','2020-05-04 16:15:54'),(97,10,113,'Demak','2020-05-04 16:15:54','2020-05-04 16:15:54'),(98,10,134,'Grobogan','2020-05-04 16:15:54','2020-05-04 16:15:54'),(99,10,163,'Jepara','2020-05-04 16:15:54','2020-05-04 16:15:54'),(100,10,169,'Karanganyar','2020-05-04 16:15:54','2020-05-04 16:15:54'),(101,10,177,'Kebumen','2020-05-04 16:15:54','2020-05-04 16:15:54'),(102,10,181,'Kendal','2020-05-04 16:15:54','2020-05-04 16:15:54'),(103,10,196,'Klaten','2020-05-04 16:15:55','2020-05-04 16:15:55'),(104,10,209,'Kudus','2020-05-04 16:15:55','2020-05-04 16:15:55'),(105,10,249,'Magelang','2020-05-04 16:15:55','2020-05-04 16:15:55'),(106,10,250,'Magelang','2020-05-04 16:15:55','2020-05-04 16:15:55'),(107,10,344,'Pati','2020-05-04 16:15:55','2020-05-04 16:15:55'),(108,10,348,'Pekalongan','2020-05-04 16:15:55','2020-05-04 16:15:55'),(109,10,349,'Pekalongan','2020-05-04 16:15:55','2020-05-04 16:15:55'),(110,10,352,'Pemalang','2020-05-04 16:15:55','2020-05-04 16:15:55'),(111,10,375,'Purbalingga','2020-05-04 16:15:55','2020-05-04 16:15:55'),(112,10,377,'Purworejo','2020-05-04 16:15:55','2020-05-04 16:15:55'),(113,10,380,'Rembang','2020-05-04 16:15:55','2020-05-04 16:15:55'),(114,10,386,'Salatiga','2020-05-04 16:15:56','2020-05-04 16:15:56'),(115,10,398,'Semarang','2020-05-04 16:15:56','2020-05-04 16:15:56'),(116,10,399,'Semarang','2020-05-04 16:15:56','2020-05-04 16:15:56'),(117,10,427,'Sragen','2020-05-04 16:15:56','2020-05-04 16:15:56'),(118,10,433,'Sukoharjo','2020-05-04 16:15:56','2020-05-04 16:15:56'),(119,10,445,'Surakarta (Solo)','2020-05-04 16:15:56','2020-05-04 16:15:56'),(120,10,472,'Tegal','2020-05-04 16:15:56','2020-05-04 16:15:56'),(121,10,473,'Tegal','2020-05-04 16:15:56','2020-05-04 16:15:56'),(122,10,476,'Temanggung','2020-05-04 16:15:56','2020-05-04 16:15:56'),(123,10,497,'Wonogiri','2020-05-04 16:15:56','2020-05-04 16:15:56'),(124,10,498,'Wonosobo','2020-05-04 16:15:56','2020-05-04 16:15:56'),(125,11,31,'Bangkalan','2020-05-04 16:15:58','2020-05-04 16:15:58'),(126,11,42,'Banyuwangi','2020-05-04 16:15:58','2020-05-04 16:15:58'),(127,11,51,'Batu','2020-05-04 16:15:58','2020-05-04 16:15:58'),(128,11,74,'Blitar','2020-05-04 16:15:58','2020-05-04 16:15:58'),(129,11,75,'Blitar','2020-05-04 16:15:58','2020-05-04 16:15:58'),(130,11,80,'Bojonegoro','2020-05-04 16:15:58','2020-05-04 16:15:58'),(131,11,86,'Bondowoso','2020-05-04 16:15:58','2020-05-04 16:15:58'),(132,11,133,'Gresik','2020-05-04 16:15:58','2020-05-04 16:15:58'),(133,11,160,'Jember','2020-05-04 16:15:59','2020-05-04 16:15:59'),(134,11,164,'Jombang','2020-05-04 16:15:59','2020-05-04 16:15:59'),(135,11,178,'Kediri','2020-05-04 16:15:59','2020-05-04 16:15:59'),(136,11,179,'Kediri','2020-05-04 16:15:59','2020-05-04 16:15:59'),(137,11,222,'Lamongan','2020-05-04 16:15:59','2020-05-04 16:15:59'),(138,11,243,'Lumajang','2020-05-04 16:15:59','2020-05-04 16:15:59'),(139,11,247,'Madiun','2020-05-04 16:15:59','2020-05-04 16:15:59'),(140,11,248,'Madiun','2020-05-04 16:15:59','2020-05-04 16:15:59'),(141,11,251,'Magetan','2020-05-04 16:15:59','2020-05-04 16:15:59'),(142,11,255,'Malang','2020-05-04 16:15:59','2020-05-04 16:15:59'),(143,11,256,'Malang','2020-05-04 16:15:59','2020-05-04 16:15:59'),(144,11,289,'Mojokerto','2020-05-04 16:15:59','2020-05-04 16:15:59'),(145,11,290,'Mojokerto','2020-05-04 16:15:59','2020-05-04 16:15:59'),(146,11,305,'Nganjuk','2020-05-04 16:16:00','2020-05-04 16:16:00'),(147,11,306,'Ngawi','2020-05-04 16:16:00','2020-05-04 16:16:00'),(148,11,317,'Pacitan','2020-05-04 16:16:00','2020-05-04 16:16:00'),(149,11,330,'Pamekasan','2020-05-04 16:16:00','2020-05-04 16:16:00'),(150,11,342,'Pasuruan','2020-05-04 16:16:00','2020-05-04 16:16:00'),(151,11,343,'Pasuruan','2020-05-04 16:16:00','2020-05-04 16:16:00'),(152,11,363,'Ponorogo','2020-05-04 16:16:00','2020-05-04 16:16:00'),(153,11,369,'Probolinggo','2020-05-04 16:16:00','2020-05-04 16:16:00'),(154,11,370,'Probolinggo','2020-05-04 16:16:00','2020-05-04 16:16:00'),(155,11,390,'Sampang','2020-05-04 16:16:00','2020-05-04 16:16:00'),(156,11,409,'Sidoarjo','2020-05-04 16:16:00','2020-05-04 16:16:00'),(157,11,418,'Situbondo','2020-05-04 16:16:00','2020-05-04 16:16:00'),(158,11,441,'Sumenep','2020-05-04 16:16:00','2020-05-04 16:16:00'),(159,11,444,'Surabaya','2020-05-04 16:16:00','2020-05-04 16:16:00'),(160,11,487,'Trenggalek','2020-05-04 16:16:00','2020-05-04 16:16:00'),(161,11,489,'Tuban','2020-05-04 16:16:00','2020-05-04 16:16:00'),(162,11,492,'Tulungagung','2020-05-04 16:16:01','2020-05-04 16:16:01'),(163,12,61,'Bengkayang','2020-05-04 16:16:02','2020-05-04 16:16:02'),(164,12,168,'Kapuas Hulu','2020-05-04 16:16:02','2020-05-04 16:16:02'),(165,12,176,'Kayong Utara','2020-05-04 16:16:02','2020-05-04 16:16:02'),(166,12,195,'Ketapang','2020-05-04 16:16:02','2020-05-04 16:16:02'),(167,12,208,'Kubu Raya','2020-05-04 16:16:03','2020-05-04 16:16:03'),(168,12,228,'Landak','2020-05-04 16:16:03','2020-05-04 16:16:03'),(169,12,279,'Melawi','2020-05-04 16:16:03','2020-05-04 16:16:03'),(170,12,364,'Pontianak','2020-05-04 16:16:03','2020-05-04 16:16:03'),(171,12,365,'Pontianak','2020-05-04 16:16:03','2020-05-04 16:16:03'),(172,12,388,'Sambas','2020-05-04 16:16:03','2020-05-04 16:16:03'),(173,12,391,'Sanggau','2020-05-04 16:16:03','2020-05-04 16:16:03'),(174,12,395,'Sekadau','2020-05-04 16:16:03','2020-05-04 16:16:03'),(175,12,415,'Singkawang','2020-05-04 16:16:03','2020-05-04 16:16:03'),(176,12,417,'Sintang','2020-05-04 16:16:03','2020-05-04 16:16:03'),(177,13,18,'Balangan','2020-05-04 16:16:05','2020-05-04 16:16:05'),(178,13,33,'Banjar','2020-05-04 16:16:05','2020-05-04 16:16:05'),(179,13,35,'Banjarbaru','2020-05-04 16:16:05','2020-05-04 16:16:05'),(180,13,36,'Banjarmasin','2020-05-04 16:16:05','2020-05-04 16:16:05'),(181,13,43,'Barito Kuala','2020-05-04 16:16:05','2020-05-04 16:16:05'),(182,13,143,'Hulu Sungai Selatan','2020-05-04 16:16:05','2020-05-04 16:16:05'),(183,13,144,'Hulu Sungai Tengah','2020-05-04 16:16:05','2020-05-04 16:16:05'),(184,13,145,'Hulu Sungai Utara','2020-05-04 16:16:05','2020-05-04 16:16:05'),(185,13,203,'Kotabaru','2020-05-04 16:16:05','2020-05-04 16:16:05'),(186,13,446,'Tabalong','2020-05-04 16:16:05','2020-05-04 16:16:05'),(187,13,452,'Tanah Bumbu','2020-05-04 16:16:05','2020-05-04 16:16:05'),(188,13,454,'Tanah Laut','2020-05-04 16:16:05','2020-05-04 16:16:05'),(189,13,466,'Tapin','2020-05-04 16:16:05','2020-05-04 16:16:05'),(190,14,44,'Barito Selatan','2020-05-04 16:16:06','2020-05-04 16:16:06'),(191,14,45,'Barito Timur','2020-05-04 16:16:06','2020-05-04 16:16:06'),(192,14,46,'Barito Utara','2020-05-04 16:16:06','2020-05-04 16:16:06'),(193,14,136,'Gunung Mas','2020-05-04 16:16:06','2020-05-04 16:16:06'),(194,14,167,'Kapuas','2020-05-04 16:16:06','2020-05-04 16:16:06'),(195,14,174,'Katingan','2020-05-04 16:16:06','2020-05-04 16:16:06'),(196,14,205,'Kotawaringin Barat','2020-05-04 16:16:06','2020-05-04 16:16:06'),(197,14,206,'Kotawaringin Timur','2020-05-04 16:16:06','2020-05-04 16:16:06'),(198,14,221,'Lamandau','2020-05-04 16:16:07','2020-05-04 16:16:07'),(199,14,296,'Murung Raya','2020-05-04 16:16:07','2020-05-04 16:16:07'),(200,14,326,'Palangka Raya','2020-05-04 16:16:07','2020-05-04 16:16:07'),(201,14,371,'Pulang Pisau','2020-05-04 16:16:07','2020-05-04 16:16:07'),(202,14,405,'Seruyan','2020-05-04 16:16:07','2020-05-04 16:16:07'),(203,14,432,'Sukamara','2020-05-04 16:16:07','2020-05-04 16:16:07'),(204,15,19,'Balikpapan','2020-05-04 16:16:09','2020-05-04 16:16:09'),(205,15,66,'Berau','2020-05-04 16:16:09','2020-05-04 16:16:09'),(206,15,89,'Bontang','2020-05-04 16:16:09','2020-05-04 16:16:09'),(207,15,214,'Kutai Barat','2020-05-04 16:16:09','2020-05-04 16:16:09'),(208,15,215,'Kutai Kartanegara','2020-05-04 16:16:09','2020-05-04 16:16:09'),(209,15,216,'Kutai Timur','2020-05-04 16:16:10','2020-05-04 16:16:10'),(210,15,341,'Paser','2020-05-04 16:16:10','2020-05-04 16:16:10'),(211,15,354,'Penajam Paser Utara','2020-05-04 16:16:10','2020-05-04 16:16:10'),(212,15,387,'Samarinda','2020-05-04 16:16:10','2020-05-04 16:16:10'),(213,16,96,'Bulungan (Bulongan)','2020-05-04 16:16:12','2020-05-04 16:16:12'),(214,16,257,'Malinau','2020-05-04 16:16:12','2020-05-04 16:16:12'),(215,16,311,'Nunukan','2020-05-04 16:16:12','2020-05-04 16:16:12'),(216,16,450,'Tana Tidung','2020-05-04 16:16:12','2020-05-04 16:16:12'),(217,16,467,'Tarakan','2020-05-04 16:16:12','2020-05-04 16:16:12'),(218,17,48,'Batam','2020-05-04 16:16:14','2020-05-04 16:16:14'),(219,17,71,'Bintan','2020-05-04 16:16:14','2020-05-04 16:16:14'),(220,17,172,'Karimun','2020-05-04 16:16:14','2020-05-04 16:16:14'),(221,17,184,'Kepulauan Anambas','2020-05-04 16:16:14','2020-05-04 16:16:14'),(222,17,237,'Lingga','2020-05-04 16:16:14','2020-05-04 16:16:14'),(223,17,302,'Natuna','2020-05-04 16:16:15','2020-05-04 16:16:15'),(224,17,462,'Tanjung Pinang','2020-05-04 16:16:15','2020-05-04 16:16:15'),(225,18,21,'Bandar Lampung','2020-05-04 16:16:16','2020-05-04 16:16:16'),(226,18,223,'Lampung Barat','2020-05-04 16:16:16','2020-05-04 16:16:16'),(227,18,224,'Lampung Selatan','2020-05-04 16:16:16','2020-05-04 16:16:16'),(228,18,225,'Lampung Tengah','2020-05-04 16:16:16','2020-05-04 16:16:16'),(229,18,226,'Lampung Timur','2020-05-04 16:16:16','2020-05-04 16:16:16'),(230,18,227,'Lampung Utara','2020-05-04 16:16:16','2020-05-04 16:16:16'),(231,18,282,'Mesuji','2020-05-04 16:16:16','2020-05-04 16:16:16'),(232,18,283,'Metro','2020-05-04 16:16:16','2020-05-04 16:16:16'),(233,18,355,'Pesawaran','2020-05-04 16:16:16','2020-05-04 16:16:16'),(234,18,356,'Pesisir Barat','2020-05-04 16:16:17','2020-05-04 16:16:17'),(235,18,368,'Pringsewu','2020-05-04 16:16:17','2020-05-04 16:16:17'),(236,18,458,'Tanggamus','2020-05-04 16:16:17','2020-05-04 16:16:17'),(237,18,490,'Tulang Bawang','2020-05-04 16:16:17','2020-05-04 16:16:17'),(238,18,491,'Tulang Bawang Barat','2020-05-04 16:16:17','2020-05-04 16:16:17'),(239,18,496,'Way Kanan','2020-05-04 16:16:17','2020-05-04 16:16:17'),(240,19,14,'Ambon','2020-05-04 16:16:18','2020-05-04 16:16:18'),(241,19,99,'Buru','2020-05-04 16:16:18','2020-05-04 16:16:18'),(242,19,100,'Buru Selatan','2020-05-04 16:16:18','2020-05-04 16:16:18'),(243,19,185,'Kepulauan Aru','2020-05-04 16:16:18','2020-05-04 16:16:18'),(244,19,258,'Maluku Barat Daya','2020-05-04 16:16:18','2020-05-04 16:16:18'),(245,19,259,'Maluku Tengah','2020-05-04 16:16:18','2020-05-04 16:16:18'),(246,19,260,'Maluku Tenggara','2020-05-04 16:16:18','2020-05-04 16:16:18'),(247,19,261,'Maluku Tenggara Barat','2020-05-04 16:16:19','2020-05-04 16:16:19'),(248,19,400,'Seram Bagian Barat','2020-05-04 16:16:19','2020-05-04 16:16:19'),(249,19,401,'Seram Bagian Timur','2020-05-04 16:16:19','2020-05-04 16:16:19'),(250,19,488,'Tual','2020-05-04 16:16:19','2020-05-04 16:16:19'),(251,20,138,'Halmahera Barat','2020-05-04 16:16:22','2020-05-04 16:16:22'),(252,20,139,'Halmahera Selatan','2020-05-04 16:16:22','2020-05-04 16:16:22'),(253,20,140,'Halmahera Tengah','2020-05-04 16:16:22','2020-05-04 16:16:22'),(254,20,141,'Halmahera Timur','2020-05-04 16:16:22','2020-05-04 16:16:22'),(255,20,142,'Halmahera Utara','2020-05-04 16:16:22','2020-05-04 16:16:22'),(256,20,191,'Kepulauan Sula','2020-05-04 16:16:22','2020-05-04 16:16:22'),(257,20,372,'Pulau Morotai','2020-05-04 16:16:22','2020-05-04 16:16:22'),(258,20,477,'Ternate','2020-05-04 16:16:22','2020-05-04 16:16:22'),(259,20,478,'Tidore Kepulauan','2020-05-04 16:16:22','2020-05-04 16:16:22'),(260,21,1,'Aceh Barat','2020-05-04 16:16:24','2020-05-04 16:16:24'),(261,21,2,'Aceh Barat Daya','2020-05-04 16:16:24','2020-05-04 16:16:24'),(262,21,3,'Aceh Besar','2020-05-04 16:16:24','2020-05-04 16:16:24'),(263,21,4,'Aceh Jaya','2020-05-04 16:16:24','2020-05-04 16:16:24'),(264,21,5,'Aceh Selatan','2020-05-04 16:16:24','2020-05-04 16:16:24'),(265,21,6,'Aceh Singkil','2020-05-04 16:16:24','2020-05-04 16:16:24'),(266,21,7,'Aceh Tamiang','2020-05-04 16:16:24','2020-05-04 16:16:24'),(267,21,8,'Aceh Tengah','2020-05-04 16:16:24','2020-05-04 16:16:24'),(268,21,9,'Aceh Tenggara','2020-05-04 16:16:24','2020-05-04 16:16:24'),(269,21,10,'Aceh Timur','2020-05-04 16:16:24','2020-05-04 16:16:24'),(270,21,11,'Aceh Utara','2020-05-04 16:16:24','2020-05-04 16:16:24'),(271,21,20,'Banda Aceh','2020-05-04 16:16:24','2020-05-04 16:16:24'),(272,21,59,'Bener Meriah','2020-05-04 16:16:25','2020-05-04 16:16:25'),(273,21,72,'Bireuen','2020-05-04 16:16:25','2020-05-04 16:16:25'),(274,21,127,'Gayo Lues','2020-05-04 16:16:25','2020-05-04 16:16:25'),(275,21,230,'Langsa','2020-05-04 16:16:25','2020-05-04 16:16:25'),(276,21,235,'Lhokseumawe','2020-05-04 16:16:25','2020-05-04 16:16:25'),(277,21,300,'Nagan Raya','2020-05-04 16:16:25','2020-05-04 16:16:25'),(278,21,358,'Pidie','2020-05-04 16:16:25','2020-05-04 16:16:25'),(279,21,359,'Pidie Jaya','2020-05-04 16:16:25','2020-05-04 16:16:25'),(280,21,384,'Sabang','2020-05-04 16:16:25','2020-05-04 16:16:25'),(281,21,414,'Simeulue','2020-05-04 16:16:25','2020-05-04 16:16:25'),(282,21,429,'Subulussalam','2020-05-04 16:16:25','2020-05-04 16:16:25'),(283,22,68,'Bima','2020-05-04 16:16:29','2020-05-04 16:16:29'),(284,22,69,'Bima','2020-05-04 16:16:29','2020-05-04 16:16:29'),(285,22,118,'Dompu','2020-05-04 16:16:29','2020-05-04 16:16:29'),(286,22,238,'Lombok Barat','2020-05-04 16:16:29','2020-05-04 16:16:29'),(287,22,239,'Lombok Tengah','2020-05-04 16:16:29','2020-05-04 16:16:29'),(288,22,240,'Lombok Timur','2020-05-04 16:16:29','2020-05-04 16:16:29'),(289,22,241,'Lombok Utara','2020-05-04 16:16:29','2020-05-04 16:16:29'),(290,22,276,'Mataram','2020-05-04 16:16:29','2020-05-04 16:16:29'),(291,22,438,'Sumbawa','2020-05-04 16:16:29','2020-05-04 16:16:29'),(292,22,439,'Sumbawa Barat','2020-05-04 16:16:29','2020-05-04 16:16:29'),(293,23,13,'Alor','2020-05-04 16:16:32','2020-05-04 16:16:32'),(294,23,58,'Belu','2020-05-04 16:16:32','2020-05-04 16:16:32'),(295,23,122,'Ende','2020-05-04 16:16:32','2020-05-04 16:16:32'),(296,23,125,'Flores Timur','2020-05-04 16:16:33','2020-05-04 16:16:33'),(297,23,212,'Kupang','2020-05-04 16:16:33','2020-05-04 16:16:33'),(298,23,213,'Kupang','2020-05-04 16:16:33','2020-05-04 16:16:33'),(299,23,234,'Lembata','2020-05-04 16:16:33','2020-05-04 16:16:33'),(300,23,269,'Manggarai','2020-05-04 16:16:33','2020-05-04 16:16:33'),(301,23,270,'Manggarai Barat','2020-05-04 16:16:33','2020-05-04 16:16:33'),(302,23,271,'Manggarai Timur','2020-05-04 16:16:33','2020-05-04 16:16:33'),(303,23,301,'Nagekeo','2020-05-04 16:16:33','2020-05-04 16:16:33'),(304,23,304,'Ngada','2020-05-04 16:16:34','2020-05-04 16:16:34'),(305,23,383,'Rote Ndao','2020-05-04 16:16:34','2020-05-04 16:16:34'),(306,23,385,'Sabu Raijua','2020-05-04 16:16:34','2020-05-04 16:16:34'),(307,23,412,'Sikka','2020-05-04 16:16:34','2020-05-04 16:16:34'),(308,23,434,'Sumba Barat','2020-05-04 16:16:34','2020-05-04 16:16:34'),(309,23,435,'Sumba Barat Daya','2020-05-04 16:16:34','2020-05-04 16:16:34'),(310,23,436,'Sumba Tengah','2020-05-04 16:16:34','2020-05-04 16:16:34'),(311,23,437,'Sumba Timur','2020-05-04 16:16:34','2020-05-04 16:16:34'),(312,23,479,'Timor Tengah Selatan','2020-05-04 16:16:34','2020-05-04 16:16:34'),(313,23,480,'Timor Tengah Utara','2020-05-04 16:16:34','2020-05-04 16:16:34'),(314,24,16,'Asmat','2020-05-04 16:16:43','2020-05-04 16:16:43'),(315,24,67,'Biak Numfor','2020-05-04 16:16:43','2020-05-04 16:16:43'),(316,24,90,'Boven Digoel','2020-05-04 16:16:43','2020-05-04 16:16:43'),(317,24,111,'Deiyai (Deliyai)','2020-05-04 16:16:43','2020-05-04 16:16:43'),(318,24,117,'Dogiyai','2020-05-04 16:16:43','2020-05-04 16:16:43'),(319,24,150,'Intan Jaya','2020-05-04 16:16:43','2020-05-04 16:16:43'),(320,24,157,'Jayapura','2020-05-04 16:16:43','2020-05-04 16:16:43'),(321,24,158,'Jayapura','2020-05-04 16:16:43','2020-05-04 16:16:43'),(322,24,159,'Jayawijaya','2020-05-04 16:16:43','2020-05-04 16:16:43'),(323,24,180,'Keerom','2020-05-04 16:16:43','2020-05-04 16:16:43'),(324,24,193,'Kepulauan Yapen (Yapen Waropen)','2020-05-04 16:16:44','2020-05-04 16:16:44'),(325,24,231,'Lanny Jaya','2020-05-04 16:16:44','2020-05-04 16:16:44'),(326,24,263,'Mamberamo Raya','2020-05-04 16:16:44','2020-05-04 16:16:44'),(327,24,264,'Mamberamo Tengah','2020-05-04 16:16:44','2020-05-04 16:16:44'),(328,24,274,'Mappi','2020-05-04 16:16:44','2020-05-04 16:16:44'),(329,24,281,'Merauke','2020-05-04 16:16:44','2020-05-04 16:16:44'),(330,24,284,'Mimika','2020-05-04 16:16:44','2020-05-04 16:16:44'),(331,24,299,'Nabire','2020-05-04 16:16:44','2020-05-04 16:16:44'),(332,24,303,'Nduga','2020-05-04 16:16:44','2020-05-04 16:16:44'),(333,24,335,'Paniai','2020-05-04 16:16:44','2020-05-04 16:16:44'),(334,24,347,'Pegunungan Bintang','2020-05-04 16:16:44','2020-05-04 16:16:44'),(335,24,373,'Puncak','2020-05-04 16:16:44','2020-05-04 16:16:44'),(336,24,374,'Puncak Jaya','2020-05-04 16:16:45','2020-05-04 16:16:45'),(337,24,392,'Sarmi','2020-05-04 16:16:45','2020-05-04 16:16:45'),(338,24,443,'Supiori','2020-05-04 16:16:45','2020-05-04 16:16:45'),(339,24,484,'Tolikara','2020-05-04 16:16:45','2020-05-04 16:16:45'),(340,24,495,'Waropen','2020-05-04 16:16:45','2020-05-04 16:16:45'),(341,24,499,'Yahukimo','2020-05-04 16:16:45','2020-05-04 16:16:45'),(342,24,500,'Yalimo','2020-05-04 16:16:45','2020-05-04 16:16:45'),(343,25,124,'Fakfak','2020-05-04 16:17:08','2020-05-04 16:17:08'),(344,25,165,'Kaimana','2020-05-04 16:17:08','2020-05-04 16:17:08'),(345,25,272,'Manokwari','2020-05-04 16:17:08','2020-05-04 16:17:08'),(346,25,273,'Manokwari Selatan','2020-05-04 16:17:08','2020-05-04 16:17:08'),(347,25,277,'Maybrat','2020-05-04 16:17:08','2020-05-04 16:17:08'),(348,25,346,'Pegunungan Arfak','2020-05-04 16:17:08','2020-05-04 16:17:08'),(349,25,378,'Raja Ampat','2020-05-04 16:17:08','2020-05-04 16:17:08'),(350,25,424,'Sorong','2020-05-04 16:17:08','2020-05-04 16:17:08'),(351,25,425,'Sorong','2020-05-04 16:17:08','2020-05-04 16:17:08'),(352,25,426,'Sorong Selatan','2020-05-04 16:17:08','2020-05-04 16:17:08'),(353,25,449,'Tambrauw','2020-05-04 16:17:08','2020-05-04 16:17:08'),(354,25,474,'Teluk Bintuni','2020-05-04 16:17:09','2020-05-04 16:17:09'),(355,25,475,'Teluk Wondama','2020-05-04 16:17:09','2020-05-04 16:17:09'),(356,26,60,'Bengkalis','2020-05-04 16:17:09','2020-05-04 16:17:09'),(357,26,120,'Dumai','2020-05-04 16:17:10','2020-05-04 16:17:10'),(358,26,147,'Indragiri Hilir','2020-05-04 16:17:10','2020-05-04 16:17:10'),(359,26,148,'Indragiri Hulu','2020-05-04 16:17:10','2020-05-04 16:17:10'),(360,26,166,'Kampar','2020-05-04 16:17:10','2020-05-04 16:17:10'),(361,26,187,'Kepulauan Meranti','2020-05-04 16:17:10','2020-05-04 16:17:10'),(362,26,207,'Kuantan Singingi','2020-05-04 16:17:10','2020-05-04 16:17:10'),(363,26,350,'Pekanbaru','2020-05-04 16:17:10','2020-05-04 16:17:10'),(364,26,351,'Pelalawan','2020-05-04 16:17:10','2020-05-04 16:17:10'),(365,26,381,'Rokan Hilir','2020-05-04 16:17:10','2020-05-04 16:17:10'),(366,26,382,'Rokan Hulu','2020-05-04 16:17:10','2020-05-04 16:17:10'),(367,26,406,'Siak','2020-05-04 16:17:10','2020-05-04 16:17:10'),(368,27,253,'Majene','2020-05-04 16:17:11','2020-05-04 16:17:11'),(369,27,262,'Mamasa','2020-05-04 16:17:11','2020-05-04 16:17:11'),(370,27,265,'Mamuju','2020-05-04 16:17:11','2020-05-04 16:17:11'),(371,27,266,'Mamuju Utara','2020-05-04 16:17:12','2020-05-04 16:17:12'),(372,27,362,'Polewali Mandar','2020-05-04 16:17:12','2020-05-04 16:17:12'),(373,28,38,'Bantaeng','2020-05-04 16:17:14','2020-05-04 16:17:14'),(374,28,47,'Barru','2020-05-04 16:17:14','2020-05-04 16:17:14'),(375,28,87,'Bone','2020-05-04 16:17:14','2020-05-04 16:17:14'),(376,28,95,'Bulukumba','2020-05-04 16:17:14','2020-05-04 16:17:14'),(377,28,123,'Enrekang','2020-05-04 16:17:14','2020-05-04 16:17:14'),(378,28,132,'Gowa','2020-05-04 16:17:14','2020-05-04 16:17:14'),(379,28,162,'Jeneponto','2020-05-04 16:17:15','2020-05-04 16:17:15'),(380,28,244,'Luwu','2020-05-04 16:17:15','2020-05-04 16:17:15'),(381,28,245,'Luwu Timur','2020-05-04 16:17:15','2020-05-04 16:17:15'),(382,28,246,'Luwu Utara','2020-05-04 16:17:15','2020-05-04 16:17:15'),(383,28,254,'Makassar','2020-05-04 16:17:15','2020-05-04 16:17:15'),(384,28,275,'Maros','2020-05-04 16:17:16','2020-05-04 16:17:16'),(385,28,328,'Palopo','2020-05-04 16:17:16','2020-05-04 16:17:16'),(386,28,333,'Pangkajene Kepulauan','2020-05-04 16:17:16','2020-05-04 16:17:16'),(387,28,336,'Parepare','2020-05-04 16:17:16','2020-05-04 16:17:16'),(388,28,360,'Pinrang','2020-05-04 16:17:16','2020-05-04 16:17:16'),(389,28,396,'Selayar (Kepulauan Selayar)','2020-05-04 16:17:16','2020-05-04 16:17:16'),(390,28,408,'Sidenreng Rappang/Rapang','2020-05-04 16:17:17','2020-05-04 16:17:17'),(391,28,416,'Sinjai','2020-05-04 16:17:17','2020-05-04 16:17:17'),(392,28,423,'Soppeng','2020-05-04 16:17:17','2020-05-04 16:17:17'),(393,28,448,'Takalar','2020-05-04 16:17:17','2020-05-04 16:17:17'),(394,28,451,'Tana Toraja','2020-05-04 16:17:17','2020-05-04 16:17:17'),(395,28,486,'Toraja Utara','2020-05-04 16:17:17','2020-05-04 16:17:17'),(396,28,493,'Wajo','2020-05-04 16:17:17','2020-05-04 16:17:17'),(397,29,25,'Banggai','2020-05-04 16:17:19','2020-05-04 16:17:19'),(398,29,26,'Banggai Kepulauan','2020-05-04 16:17:19','2020-05-04 16:17:19'),(399,29,98,'Buol','2020-05-04 16:17:19','2020-05-04 16:17:19'),(400,29,119,'Donggala','2020-05-04 16:17:19','2020-05-04 16:17:19'),(401,29,291,'Morowali','2020-05-04 16:17:20','2020-05-04 16:17:20'),(402,29,329,'Palu','2020-05-04 16:17:20','2020-05-04 16:17:20'),(403,29,338,'Parigi Moutong','2020-05-04 16:17:20','2020-05-04 16:17:20'),(404,29,366,'Poso','2020-05-04 16:17:20','2020-05-04 16:17:20'),(405,29,410,'Sigi','2020-05-04 16:17:20','2020-05-04 16:17:20'),(406,29,482,'Tojo Una-Una','2020-05-04 16:17:20','2020-05-04 16:17:20'),(407,29,483,'Toli-Toli','2020-05-04 16:17:20','2020-05-04 16:17:20'),(408,30,53,'Bau-Bau','2020-05-04 16:17:21','2020-05-04 16:17:21'),(409,30,85,'Bombana','2020-05-04 16:17:21','2020-05-04 16:17:21'),(410,30,101,'Buton','2020-05-04 16:17:22','2020-05-04 16:17:22'),(411,30,102,'Buton Utara','2020-05-04 16:17:22','2020-05-04 16:17:22'),(412,30,182,'Kendari','2020-05-04 16:17:22','2020-05-04 16:17:22'),(413,30,198,'Kolaka','2020-05-04 16:17:22','2020-05-04 16:17:22'),(414,30,199,'Kolaka Utara','2020-05-04 16:17:22','2020-05-04 16:17:22'),(415,30,200,'Konawe','2020-05-04 16:17:22','2020-05-04 16:17:22'),(416,30,201,'Konawe Selatan','2020-05-04 16:17:22','2020-05-04 16:17:22'),(417,30,202,'Konawe Utara','2020-05-04 16:17:23','2020-05-04 16:17:23'),(418,30,295,'Muna','2020-05-04 16:17:23','2020-05-04 16:17:23'),(419,30,494,'Wakatobi','2020-05-04 16:17:23','2020-05-04 16:17:23'),(420,31,73,'Bitung','2020-05-04 16:17:30','2020-05-04 16:17:30'),(421,31,81,'Bolaang Mongondow (Bolmong)','2020-05-04 16:17:30','2020-05-04 16:17:30'),(422,31,82,'Bolaang Mongondow Selatan','2020-05-04 16:17:30','2020-05-04 16:17:30'),(423,31,83,'Bolaang Mongondow Timur','2020-05-04 16:17:30','2020-05-04 16:17:30'),(424,31,84,'Bolaang Mongondow Utara','2020-05-04 16:17:30','2020-05-04 16:17:30'),(425,31,188,'Kepulauan Sangihe','2020-05-04 16:17:30','2020-05-04 16:17:30'),(426,31,190,'Kepulauan Siau Tagulandang Biaro (Sitaro)','2020-05-04 16:17:30','2020-05-04 16:17:30'),(427,31,192,'Kepulauan Talaud','2020-05-04 16:17:30','2020-05-04 16:17:30'),(428,31,204,'Kotamobagu','2020-05-04 16:17:31','2020-05-04 16:17:31'),(429,31,267,'Manado','2020-05-04 16:17:31','2020-05-04 16:17:31'),(430,31,285,'Minahasa','2020-05-04 16:17:31','2020-05-04 16:17:31'),(431,31,286,'Minahasa Selatan','2020-05-04 16:17:31','2020-05-04 16:17:31'),(432,31,287,'Minahasa Tenggara','2020-05-04 16:17:31','2020-05-04 16:17:31'),(433,31,288,'Minahasa Utara','2020-05-04 16:17:32','2020-05-04 16:17:32'),(434,31,485,'Tomohon','2020-05-04 16:17:32','2020-05-04 16:17:32'),(435,32,12,'Agam','2020-05-04 16:17:54','2020-05-04 16:17:54'),(436,32,93,'Bukittinggi','2020-05-04 16:17:55','2020-05-04 16:17:55'),(437,32,116,'Dharmasraya','2020-05-04 16:17:55','2020-05-04 16:17:55'),(438,32,186,'Kepulauan Mentawai','2020-05-04 16:17:55','2020-05-04 16:17:55'),(439,32,236,'Lima Puluh Koto/Kota','2020-05-04 16:17:56','2020-05-04 16:17:56'),(440,32,318,'Padang','2020-05-04 16:17:56','2020-05-04 16:17:56'),(441,32,321,'Padang Panjang','2020-05-04 16:17:56','2020-05-04 16:17:56'),(442,32,322,'Padang Pariaman','2020-05-04 16:17:57','2020-05-04 16:17:57'),(443,32,337,'Pariaman','2020-05-04 16:17:57','2020-05-04 16:17:57'),(444,32,339,'Pasaman','2020-05-04 16:17:57','2020-05-04 16:17:57'),(445,32,340,'Pasaman Barat','2020-05-04 16:17:57','2020-05-04 16:17:57'),(446,32,345,'Payakumbuh','2020-05-04 16:17:58','2020-05-04 16:17:58'),(447,32,357,'Pesisir Selatan','2020-05-04 16:17:58','2020-05-04 16:17:58'),(448,32,394,'Sawah Lunto','2020-05-04 16:17:58','2020-05-04 16:17:58'),(449,32,411,'Sijunjung (Sawah Lunto Sijunjung)','2020-05-04 16:17:58','2020-05-04 16:17:58'),(450,32,420,'Solok','2020-05-04 16:17:58','2020-05-04 16:17:58'),(451,32,421,'Solok','2020-05-04 16:17:59','2020-05-04 16:17:59'),(452,32,422,'Solok Selatan','2020-05-04 16:17:59','2020-05-04 16:17:59'),(453,32,453,'Tanah Datar','2020-05-04 16:18:00','2020-05-04 16:18:00'),(454,33,40,'Banyuasin','2020-05-04 16:18:01','2020-05-04 16:18:01'),(455,33,121,'Empat Lawang','2020-05-04 16:18:01','2020-05-04 16:18:01'),(456,33,220,'Lahat','2020-05-04 16:18:01','2020-05-04 16:18:01'),(457,33,242,'Lubuk Linggau','2020-05-04 16:18:01','2020-05-04 16:18:01'),(458,33,292,'Muara Enim','2020-05-04 16:18:02','2020-05-04 16:18:02'),(459,33,297,'Musi Banyuasin','2020-05-04 16:18:02','2020-05-04 16:18:02'),(460,33,298,'Musi Rawas','2020-05-04 16:18:02','2020-05-04 16:18:02'),(461,33,312,'Ogan Ilir','2020-05-04 16:18:02','2020-05-04 16:18:02'),(462,33,313,'Ogan Komering Ilir','2020-05-04 16:18:02','2020-05-04 16:18:02'),(463,33,314,'Ogan Komering Ulu','2020-05-04 16:18:03','2020-05-04 16:18:03'),(464,33,315,'Ogan Komering Ulu Selatan','2020-05-04 16:18:03','2020-05-04 16:18:03'),(465,33,316,'Ogan Komering Ulu Timur','2020-05-04 16:18:03','2020-05-04 16:18:03'),(466,33,324,'Pagar Alam','2020-05-04 16:18:03','2020-05-04 16:18:03'),(467,33,327,'Palembang','2020-05-04 16:18:03','2020-05-04 16:18:03'),(468,33,367,'Prabumulih','2020-05-04 16:18:03','2020-05-04 16:18:03'),(469,34,15,'Asahan','2020-05-04 16:18:05','2020-05-04 16:18:05'),(470,34,52,'Batu Bara','2020-05-04 16:18:05','2020-05-04 16:18:05'),(471,34,70,'Binjai','2020-05-04 16:18:05','2020-05-04 16:18:05'),(472,34,110,'Dairi','2020-05-04 16:18:05','2020-05-04 16:18:05'),(473,34,112,'Deli Serdang','2020-05-04 16:18:05','2020-05-04 16:18:05'),(474,34,137,'Gunungsitoli','2020-05-04 16:18:05','2020-05-04 16:18:05'),(475,34,146,'Humbang Hasundutan','2020-05-04 16:18:05','2020-05-04 16:18:05'),(476,34,173,'Karo','2020-05-04 16:18:06','2020-05-04 16:18:06'),(477,34,217,'Labuhan Batu','2020-05-04 16:18:06','2020-05-04 16:18:06'),(478,34,218,'Labuhan Batu Selatan','2020-05-04 16:18:06','2020-05-04 16:18:06'),(479,34,219,'Labuhan Batu Utara','2020-05-04 16:18:06','2020-05-04 16:18:06'),(480,34,229,'Langkat','2020-05-04 16:18:06','2020-05-04 16:18:06'),(481,34,268,'Mandailing Natal','2020-05-04 16:18:06','2020-05-04 16:18:06'),(482,34,278,'Medan','2020-05-04 16:18:06','2020-05-04 16:18:06'),(483,34,307,'Nias','2020-05-04 16:18:06','2020-05-04 16:18:06'),(484,34,308,'Nias Barat','2020-05-04 16:18:06','2020-05-04 16:18:06'),(485,34,309,'Nias Selatan','2020-05-04 16:18:06','2020-05-04 16:18:06'),(486,34,310,'Nias Utara','2020-05-04 16:18:06','2020-05-04 16:18:06'),(487,34,319,'Padang Lawas','2020-05-04 16:18:07','2020-05-04 16:18:07'),(488,34,320,'Padang Lawas Utara','2020-05-04 16:18:07','2020-05-04 16:18:07'),(489,34,323,'Padang Sidempuan','2020-05-04 16:18:07','2020-05-04 16:18:07'),(490,34,325,'Pakpak Bharat','2020-05-04 16:18:07','2020-05-04 16:18:07'),(491,34,353,'Pematang Siantar','2020-05-04 16:18:07','2020-05-04 16:18:07'),(492,34,389,'Samosir','2020-05-04 16:18:07','2020-05-04 16:18:07'),(493,34,404,'Serdang Bedagai','2020-05-04 16:18:07','2020-05-04 16:18:07'),(494,34,407,'Sibolga','2020-05-04 16:18:07','2020-05-04 16:18:07'),(495,34,413,'Simalungun','2020-05-04 16:18:07','2020-05-04 16:18:07'),(496,34,459,'Tanjung Balai','2020-05-04 16:18:07','2020-05-04 16:18:07'),(497,34,463,'Tapanuli Selatan','2020-05-04 16:18:07','2020-05-04 16:18:07'),(498,34,464,'Tapanuli Tengah','2020-05-04 16:18:08','2020-05-04 16:18:08'),(499,34,465,'Tapanuli Utara','2020-05-04 16:18:08','2020-05-04 16:18:08'),(500,34,470,'Tebing Tinggi','2020-05-04 16:18:08','2020-05-04 16:18:08'),(501,34,481,'Toba Samosir','2020-05-04 16:18:08','2020-05-04 16:18:08');

/*Table structure for table `couriers` */

DROP TABLE IF EXISTS `couriers`;

CREATE TABLE `couriers` (
  `id` int(10) unsigned NOT NULL AUTO_INCREMENT,
  `code` varchar(191) COLLATE utf8mb4_unicode_ci DEFAULT NULL,
  `courier` varchar(191) COLLATE utf8mb4_unicode_ci NOT NULL,
  `created_at` timestamp NULL DEFAULT NULL,
  `updated_at` timestamp NULL DEFAULT NULL,
  `deleted_at` timestamp NULL DEFAULT NULL,
  PRIMARY KEY (`id`)
) ENGINE=InnoDB AUTO_INCREMENT=5 DEFAULT CHARSET=utf8mb4 COLLATE=utf8mb4_unicode_ci;

/*Data for the table `couriers` */

insert  into `couriers`(`id`,`code`,`courier`,`created_at`,`updated_at`,`deleted_at`) values (1,'jne','JNE','2021-05-06 08:59:05','2021-05-06 08:59:05',NULL),(2,'tiki','TIKI','2021-05-31 18:42:29','2021-05-31 18:42:29',NULL),(3,'pos','POS','2021-05-31 14:10:05','2021-05-31 14:10:05',NULL);

/*Table structure for table `discounts` */

DROP TABLE IF EXISTS `discounts`;

CREATE TABLE `discounts` (
  `id` int(10) NOT NULL AUTO_INCREMENT,
  `id_product` int(10) unsigned DEFAULT NULL,
  `percentage` int(3) DEFAULT NULL,
  `start` date DEFAULT NULL,
  `end` date DEFAULT NULL,
  `created_at` timestamp NULL DEFAULT NULL,
  `updated_at` timestamp NULL DEFAULT NULL,
  `deleted_at` timestamp NULL DEFAULT NULL,
  PRIMARY KEY (`id`),
  KEY `id_product` (`id_product`),
  CONSTRAINT `discounts_ibfk_1` FOREIGN KEY (`id_product`) REFERENCES `products` (`id`)
) ENGINE=InnoDB AUTO_INCREMENT=2 DEFAULT CHARSET=latin1;

/*Data for the table `discounts` */

/*Table structure for table `failed_jobs` */

DROP TABLE IF EXISTS `failed_jobs`;

CREATE TABLE `failed_jobs` (
  `id` bigint(20) unsigned NOT NULL AUTO_INCREMENT,
  `connection` text COLLATE utf8mb4_unicode_ci NOT NULL,
  `queue` text COLLATE utf8mb4_unicode_ci NOT NULL,
  `payload` longtext COLLATE utf8mb4_unicode_ci NOT NULL,
  `exception` longtext COLLATE utf8mb4_unicode_ci NOT NULL,
  `failed_at` timestamp NOT NULL DEFAULT current_timestamp(),
  PRIMARY KEY (`id`)
) ENGINE=InnoDB DEFAULT CHARSET=utf8mb4 COLLATE=utf8mb4_unicode_ci;

/*Data for the table `failed_jobs` */

/*Table structure for table `migrations` */

DROP TABLE IF EXISTS `migrations`;

CREATE TABLE `migrations` (
  `id` int(10) unsigned NOT NULL AUTO_INCREMENT,
  `migration` varchar(191) COLLATE utf8mb4_unicode_ci NOT NULL,
  `batch` int(11) NOT NULL,
  PRIMARY KEY (`id`)
) ENGINE=InnoDB AUTO_INCREMENT=3 DEFAULT CHARSET=utf8mb4 COLLATE=utf8mb4_unicode_ci;

/*Data for the table `migrations` */

insert  into `migrations`(`id`,`migration`,`batch`) values (1,'2020_05_04_151256_create_provinces_table',1),(2,'2020_05_04_151420_create_cities_table',1);

/*Table structure for table `password_resets` */

DROP TABLE IF EXISTS `password_resets`;

CREATE TABLE `password_resets` (
  `email` varchar(191) COLLATE utf8mb4_unicode_ci NOT NULL,
  `token` varchar(191) COLLATE utf8mb4_unicode_ci NOT NULL,
  `created_at` timestamp NULL DEFAULT NULL,
  KEY `password_resets_email_index` (`email`)
) ENGINE=InnoDB DEFAULT CHARSET=utf8mb4 COLLATE=utf8mb4_unicode_ci;

/*Data for the table `password_resets` */

/*Table structure for table `product_categories` */

DROP TABLE IF EXISTS `product_categories`;

CREATE TABLE `product_categories` (
  `id` int(10) unsigned NOT NULL AUTO_INCREMENT,
  `category_name` varchar(191) COLLATE utf8mb4_unicode_ci NOT NULL,
  `created_at` timestamp NULL DEFAULT NULL,
  `updated_at` timestamp NULL DEFAULT NULL,
  `deleted_at` timestamp NULL DEFAULT NULL,
  PRIMARY KEY (`id`)
) ENGINE=InnoDB AUTO_INCREMENT=5 DEFAULT CHARSET=utf8mb4 COLLATE=utf8mb4_unicode_ci;

/*Data for the table `product_categories` */

insert  into `product_categories`(`id`,`category_name`,`created_at`,`updated_at`,`deleted_at`) values (1,'Gantungan Dinding','2021-05-06 08:58:57','2021-05-06 08:58:57',NULL),(3,'Keychain','2021-05-06 09:09:12','2021-05-06 09:09:12',NULL),(4,'Gantungan Pot','2021-05-06 09:09:22','2021-05-06 09:09:22',NULL);

/*Table structure for table `product_category_details` */

DROP TABLE IF EXISTS `product_category_details`;

CREATE TABLE `product_category_details` (
  `id` int(10) unsigned NOT NULL AUTO_INCREMENT,
  `product_id` int(10) unsigned NOT NULL,
  `category_id` int(10) unsigned NOT NULL,
  `created_at` timestamp NOT NULL DEFAULT current_timestamp() ON UPDATE current_timestamp(),
  `updated_at` timestamp NOT NULL DEFAULT '0000-00-00 00:00:00',
  PRIMARY KEY (`id`),
  KEY `product_id` (`product_id`),
  KEY `category_id` (`category_id`),
  CONSTRAINT `product_category_details_ibfk_1` FOREIGN KEY (`product_id`) REFERENCES `products` (`id`),
  CONSTRAINT `product_category_details_ibfk_2` FOREIGN KEY (`category_id`) REFERENCES `product_categories` (`id`)
) ENGINE=InnoDB AUTO_INCREMENT=15 DEFAULT CHARSET=latin1;

/*Data for the table `product_category_details` */

insert  into `product_category_details`(`id`,`product_id`,`category_id`,`created_at`,`updated_at`) values (2,2,3,'2021-05-06 09:32:28','2021-05-06 09:32:28'),(4,3,4,'2021-05-06 09:33:37','2021-05-06 09:33:37'),(5,4,1,'2021-05-31 14:08:20','2021-05-31 14:08:20'),(6,1,1,'2021-06-03 07:38:15','2021-06-03 07:38:15'),(7,5,1,'2021-06-03 09:12:54','2021-06-03 09:12:54'),(8,6,4,'2021-06-03 09:13:39','2021-06-03 09:13:39'),(10,7,1,'2021-06-03 09:15:18','2021-06-03 09:15:18'),(11,8,3,'2021-06-03 09:32:54','2021-06-03 09:32:54'),(13,10,3,'2021-06-03 09:34:58','2021-06-03 09:34:58'),(14,9,3,'2021-06-03 09:35:40','2021-06-03 09:35:40');

/*Table structure for table `product_images` */

DROP TABLE IF EXISTS `product_images`;

CREATE TABLE `product_images` (
  `id` int(10) unsigned NOT NULL AUTO_INCREMENT,
  `product_id` int(10) unsigned NOT NULL,
  `image_name` varchar(191) COLLATE utf8mb4_unicode_ci NOT NULL,
  `created_at` timestamp NULL DEFAULT NULL,
  `updated_at` timestamp NULL DEFAULT NULL,
  PRIMARY KEY (`id`),
  KEY `product_id` (`product_id`),
  CONSTRAINT `product_images_ibfk_1` FOREIGN KEY (`product_id`) REFERENCES `products` (`id`)
) ENGINE=InnoDB AUTO_INCREMENT=11 DEFAULT CHARSET=utf8mb4 COLLATE=utf8mb4_unicode_ci;

/*Data for the table `product_images` */

insert  into `product_images`(`id`,`product_id`,`image_name`,`created_at`,`updated_at`) values (1,1,'1620291591_macrame.jpg','2021-05-06 08:59:51','2021-05-06 08:59:51'),(2,2,'1620293548_keychain.jpg','2021-05-06 09:32:28','2021-05-06 09:32:28'),(3,3,'1620293617_gantunganpot.jpg','2021-05-06 09:33:37','2021-05-06 09:33:37'),(4,4,'1622470100_home_slider_1.jpg','2021-05-31 14:08:20','2021-05-31 14:08:20'),(5,5,'1622711574_gantungan3.webp','2021-06-03 09:12:54','2021-06-03 09:12:54'),(6,6,'1622711619_gantungan4.jpg','2021-06-03 09:13:39','2021-06-03 09:13:39'),(7,7,'1622711679_gantungan2.jpg','2021-06-03 09:14:39','2021-06-03 09:14:39'),(8,8,'1622712774_macrame1.webp','2021-06-03 09:32:54','2021-06-03 09:32:54'),(9,9,'1622712829_macrame4.jpg','2021-06-03 09:33:49','2021-06-03 09:33:49'),(10,10,'1622712898_macrame3.jpg','2021-06-03 09:34:58','2021-06-03 09:34:58');

/*Table structure for table `product_reviews` */

DROP TABLE IF EXISTS `product_reviews`;

CREATE TABLE `product_reviews` (
  `id` int(10) unsigned NOT NULL AUTO_INCREMENT,
  `product_id` int(10) unsigned NOT NULL,
  `user_id` int(10) unsigned NOT NULL,
  `rate` int(1) NOT NULL,
  `content` text COLLATE utf8mb4_unicode_ci NOT NULL,
  `created_at` timestamp NULL DEFAULT NULL,
  `updated_at` timestamp NULL DEFAULT NULL,
  `status` int(11) DEFAULT NULL,
  `deleted_at` timestamp NULL DEFAULT NULL,
  PRIMARY KEY (`id`),
  KEY `user_id` (`user_id`),
  KEY `rate_id` (`rate`),
  KEY `product_id` (`product_id`),
  CONSTRAINT `product_reviews_ibfk_1` FOREIGN KEY (`user_id`) REFERENCES `users` (`id`),
  CONSTRAINT `product_reviews_ibfk_3` FOREIGN KEY (`product_id`) REFERENCES `products` (`id`)
) ENGINE=InnoDB AUTO_INCREMENT=8 DEFAULT CHARSET=utf8mb4 COLLATE=utf8mb4_unicode_ci;

/*Data for the table `product_reviews` */

insert  into `product_reviews`(`id`,`product_id`,`user_id`,`rate`,`content`,`created_at`,`updated_at`,`status`,`deleted_at`) values (1,1,1,4,'Mantap pokoknya deh unch','2021-05-27 12:11:32','2021-05-27 12:11:32',NULL,NULL),(2,4,1,4,'INI reviewnya bos','2021-05-31 14:27:08','2021-05-31 14:27:08',NULL,NULL),(3,1,1,5,'asdasd','2021-05-31 17:45:09','2021-05-31 17:45:09',NULL,NULL),(4,1,1,1,'zzzz','2021-05-31 17:45:17','2021-05-31 17:45:17',NULL,NULL),(5,1,1,5,'Mantap','2021-06-02 10:16:19','2021-06-02 10:16:19',NULL,NULL),(6,4,1,5,'Mantap ey','2021-06-03 08:08:28','2021-06-03 08:08:28',NULL,NULL),(7,4,1,4,'nice boss','2021-06-03 08:30:25','2021-06-03 08:30:25',NULL,NULL);

/*Table structure for table `products` */

DROP TABLE IF EXISTS `products`;

CREATE TABLE `products` (
  `id` int(10) unsigned NOT NULL AUTO_INCREMENT,
  `product_name` varchar(191) COLLATE utf8mb4_unicode_ci NOT NULL,
  `price` int(11) NOT NULL,
  `description` text COLLATE utf8mb4_unicode_ci NOT NULL,
  `product_rate` double DEFAULT NULL,
  `created_at` timestamp NULL DEFAULT NULL,
  `updated_at` timestamp NULL DEFAULT NULL,
  `stock` int(10) DEFAULT NULL,
  `weight` int(3) DEFAULT NULL,
  `deleted_at` datetime DEFAULT NULL,
  PRIMARY KEY (`id`)
) ENGINE=InnoDB AUTO_INCREMENT=11 DEFAULT CHARSET=utf8mb4 COLLATE=utf8mb4_unicode_ci;

/*Data for the table `products` */

insert  into `products`(`id`,`product_name`,`price`,`description`,`product_rate`,`created_at`,`updated_at`,`stock`,`weight`,`deleted_at`) values (1,'Gantungan Dinding Rajutan',12000,'Ini produk rajutan bro',3.75,'2021-05-06 08:59:51','2021-06-03 07:38:15',41,1,NULL),(2,'Keychain Anyaman',10000,'Keychain yang banyak peminatnya',0,'2021-05-06 09:32:28','2021-05-06 09:32:28',0,1,NULL),(3,'Gantungan Pot Anyaman',20000,'Gantungan pot ini banyak yang berminat',0,'2021-05-06 09:33:37','2021-05-06 09:33:37',4,1,NULL),(4,'Rajutan Kain',15000,'Gantungan serbaguna',4.3333333333333,'2021-05-31 14:08:20','2021-06-03 09:35:15',47,1,'2021-06-03 09:35:15'),(5,'Macrame Merah',20000,'Gantungan dinding merah cocok untuk nuansa yang baru',0,'2021-06-03 09:12:54','2021-06-03 09:12:54',21,1,NULL),(6,'Macrame Pot',25000,'Gantungan pot untuk menambah seni pot dalam rumah anda',0,'2021-06-03 09:13:39','2021-06-03 09:13:39',10,2,NULL),(7,'Anyaman Lampu',17000,'Gantungan lampu untuk menambah kesan pada lampumu',0,'2021-06-03 09:14:39','2021-06-03 09:15:18',32,1,NULL),(8,'Souvenir Keychain',300000,'Beli keychain untuk souvenir anda',0,'2021-06-03 09:32:54','2021-06-03 09:32:54',50,1,NULL),(9,'Macrame Key Holder',20000,'Keyholder yang bagus dan menarik',0,'2021-06-03 09:33:49','2021-06-03 09:35:40',50,1,NULL),(10,'Keyholder Quote',12000,'Keyholder berisi quote untuk kisah hidup anda',0,'2021-06-03 09:34:58','2021-06-03 09:34:58',21,1,NULL);

/*Table structure for table `provinces` */

DROP TABLE IF EXISTS `provinces`;

CREATE TABLE `provinces` (
  `id` bigint(20) unsigned NOT NULL AUTO_INCREMENT,
  `province_id` int(10) unsigned NOT NULL,
  `title` varchar(191) COLLATE utf8mb4_unicode_ci NOT NULL,
  `created_at` timestamp NULL DEFAULT NULL,
  `updated_at` timestamp NULL DEFAULT NULL,
  PRIMARY KEY (`id`)
) ENGINE=InnoDB AUTO_INCREMENT=35 DEFAULT CHARSET=utf8mb4 COLLATE=utf8mb4_unicode_ci;

/*Data for the table `provinces` */

insert  into `provinces`(`id`,`province_id`,`title`,`created_at`,`updated_at`) values (1,1,'Bali','2020-05-04 16:15:22','2020-05-04 16:15:22'),(2,2,'Bangka Belitung','2020-05-04 16:15:23','2020-05-04 16:15:23'),(3,3,'Banten','2020-05-04 16:15:26','2020-05-04 16:15:26'),(4,4,'Bengkulu','2020-05-04 16:15:29','2020-05-04 16:15:29'),(5,5,'DI Yogyakarta','2020-05-04 16:15:30','2020-05-04 16:15:30'),(6,6,'DKI Jakarta','2020-05-04 16:15:33','2020-05-04 16:15:33'),(7,7,'Gorontalo','2020-05-04 16:15:36','2020-05-04 16:15:36'),(8,8,'Jambi','2020-05-04 16:15:37','2020-05-04 16:15:37'),(9,9,'Jawa Barat','2020-05-04 16:15:40','2020-05-04 16:15:40'),(10,10,'Jawa Tengah','2020-05-04 16:15:44','2020-05-04 16:15:44'),(11,11,'Jawa Timur','2020-05-04 16:15:57','2020-05-04 16:15:57'),(12,12,'Kalimantan Barat','2020-05-04 16:16:01','2020-05-04 16:16:01'),(13,13,'Kalimantan Selatan','2020-05-04 16:16:03','2020-05-04 16:16:03'),(14,14,'Kalimantan Tengah','2020-05-04 16:16:05','2020-05-04 16:16:05'),(15,15,'Kalimantan Timur','2020-05-04 16:16:07','2020-05-04 16:16:07'),(16,16,'Kalimantan Utara','2020-05-04 16:16:10','2020-05-04 16:16:10'),(17,17,'Kepulauan Riau','2020-05-04 16:16:12','2020-05-04 16:16:12'),(18,18,'Lampung','2020-05-04 16:16:15','2020-05-04 16:16:15'),(19,19,'Maluku','2020-05-04 16:16:17','2020-05-04 16:16:17'),(20,20,'Maluku Utara','2020-05-04 16:16:19','2020-05-04 16:16:19'),(21,21,'Nanggroe Aceh Darussalam (NAD)','2020-05-04 16:16:22','2020-05-04 16:16:22'),(22,22,'Nusa Tenggara Barat (NTB)','2020-05-04 16:16:25','2020-05-04 16:16:25'),(23,23,'Nusa Tenggara Timur (NTT)','2020-05-04 16:16:29','2020-05-04 16:16:29'),(24,24,'Papua','2020-05-04 16:16:35','2020-05-04 16:16:35'),(25,25,'Papua Barat','2020-05-04 16:16:45','2020-05-04 16:16:45'),(26,26,'Riau','2020-05-04 16:17:09','2020-05-04 16:17:09'),(27,27,'Sulawesi Barat','2020-05-04 16:17:10','2020-05-04 16:17:10'),(28,28,'Sulawesi Selatan','2020-05-04 16:17:12','2020-05-04 16:17:12'),(29,29,'Sulawesi Tengah','2020-05-04 16:17:17','2020-05-04 16:17:17'),(30,30,'Sulawesi Tenggara','2020-05-04 16:17:20','2020-05-04 16:17:20'),(31,31,'Sulawesi Utara','2020-05-04 16:17:23','2020-05-04 16:17:23'),(32,32,'Sumatera Barat','2020-05-04 16:17:32','2020-05-04 16:17:32'),(33,33,'Sumatera Selatan','2020-05-04 16:18:00','2020-05-04 16:18:00'),(34,34,'Sumatera Utara','2020-05-04 16:18:03','2020-05-04 16:18:03');

/*Table structure for table `response` */

DROP TABLE IF EXISTS `response`;

CREATE TABLE `response` (
  `id` int(10) unsigned NOT NULL AUTO_INCREMENT,
  `review_id` int(10) unsigned NOT NULL,
  `admin_id` int(10) unsigned NOT NULL,
  `content` text NOT NULL,
  `created_at` timestamp NOT NULL DEFAULT current_timestamp() ON UPDATE current_timestamp(),
  `updated_at` timestamp NOT NULL DEFAULT '0000-00-00 00:00:00',
  PRIMARY KEY (`id`),
  KEY `review_id` (`review_id`),
  KEY `admin_id` (`admin_id`),
  CONSTRAINT `response_ibfk_1` FOREIGN KEY (`review_id`) REFERENCES `product_reviews` (`id`),
  CONSTRAINT `response_ibfk_2` FOREIGN KEY (`admin_id`) REFERENCES `admins` (`id`)
) ENGINE=InnoDB AUTO_INCREMENT=4 DEFAULT CHARSET=latin1;

/*Data for the table `response` */

insert  into `response`(`id`,`review_id`,`admin_id`,`content`,`created_at`,`updated_at`) values (1,2,1,'mantap djiwa','2021-05-31 14:28:20','2021-05-31 14:28:20'),(2,3,1,'aa','2021-06-02 10:18:01','2021-06-02 10:18:01'),(3,5,1,'aa','2021-06-02 10:18:16','2021-06-02 10:18:16');

/*Table structure for table `transaction_details` */

DROP TABLE IF EXISTS `transaction_details`;

CREATE TABLE `transaction_details` (
  `id` int(10) unsigned NOT NULL AUTO_INCREMENT,
  `transaction_id` int(10) unsigned NOT NULL,
  `product_id` int(10) unsigned NOT NULL,
  `qty` int(11) NOT NULL,
  `discount` int(3) DEFAULT NULL,
  `selling_price` int(11) DEFAULT NULL,
  `created_at` timestamp NULL DEFAULT NULL,
  `updated_at` timestamp NULL DEFAULT NULL,
  PRIMARY KEY (`id`),
  KEY `id_transaction` (`transaction_id`),
  KEY `id_product` (`product_id`),
  CONSTRAINT `transaction_details_ibfk_1` FOREIGN KEY (`transaction_id`) REFERENCES `transactions` (`id`),
  CONSTRAINT `transaction_details_ibfk_2` FOREIGN KEY (`product_id`) REFERENCES `products` (`id`)
) ENGINE=InnoDB AUTO_INCREMENT=32 DEFAULT CHARSET=utf8mb4 COLLATE=utf8mb4_unicode_ci;

/*Data for the table `transaction_details` */

insert  into `transaction_details`(`id`,`transaction_id`,`product_id`,`qty`,`discount`,`selling_price`,`created_at`,`updated_at`) values (1,1,1,1,0,12000,'2021-05-27 14:41:03','2021-05-27 14:41:03'),(2,2,1,1,0,12000,'2021-05-27 14:45:21','2021-05-27 14:45:21'),(3,5,1,1,0,12000,'2021-05-27 14:56:11','2021-05-27 14:56:11'),(4,6,1,1,0,12000,'2021-05-27 14:57:40','2021-05-27 14:57:40'),(5,7,1,1,0,12000,'2021-05-27 15:09:29','2021-05-27 15:09:29'),(6,8,1,1,0,12000,'2021-05-27 15:10:28','2021-05-27 15:10:28'),(7,9,3,1,0,20000,'2021-05-27 15:12:24','2021-05-27 15:12:24'),(8,10,1,1,0,12000,'2021-05-27 15:26:21','2021-05-27 15:26:21'),(9,11,1,1,0,12000,'2021-05-27 16:27:15','2021-05-27 16:27:15'),(10,12,1,1,0,12000,'2021-05-27 19:52:13','2021-05-27 19:52:13'),(11,13,1,1,0,12000,'2021-05-27 20:12:57','2021-05-27 20:12:57'),(12,14,1,1,0,12000,'2021-05-30 16:34:56','2021-05-30 16:34:56'),(13,15,1,2,0,12000,'2021-05-31 20:32:43','2021-05-31 20:32:43'),(14,16,1,1,0,12000,'2021-05-31 22:05:47','2021-05-31 22:05:47'),(15,17,1,1,0,12000,'2021-05-31 22:06:14','2021-05-31 22:06:14'),(16,18,1,1,0,12000,'2021-05-31 22:23:24','2021-05-31 22:23:24'),(17,19,4,1,0,15000,'2021-05-31 22:26:25','2021-05-31 22:26:25'),(18,20,1,1,0,12000,'2021-06-01 01:08:07','2021-06-01 01:08:07'),(19,21,1,1,0,12000,'2021-06-02 16:45:40','2021-06-02 16:45:40'),(20,22,1,1,0,12000,'2021-06-02 16:47:16','2021-06-02 16:47:16'),(21,23,1,1,0,12000,'2021-06-02 16:58:04','2021-06-02 16:58:04'),(22,24,1,1,0,12000,'2021-06-02 17:00:35','2021-06-02 17:00:35'),(23,25,1,1,0,12000,'2021-06-02 18:05:12','2021-06-02 18:05:12'),(24,26,1,1,0,12000,'2021-06-03 00:03:08','2021-06-03 00:03:08'),(25,27,1,1,0,12000,'2021-06-03 00:06:17','2021-06-03 00:06:17'),(26,28,1,1,0,12000,'2021-06-03 01:38:25','2021-06-03 01:38:25'),(27,29,1,1,0,12000,'2021-06-03 01:43:21','2021-06-03 01:43:21'),(28,30,4,1,0,15000,'2021-06-03 16:07:46','2021-06-03 16:07:46'),(29,31,4,1,0,15000,'2021-06-03 16:29:52','2021-06-03 16:29:52'),(30,32,1,1,0,12000,'2021-06-03 16:42:17','2021-06-03 16:42:17'),(31,33,1,1,0,12000,'2021-06-03 16:42:34','2021-06-03 16:42:34');

/*Table structure for table `transactions` */

DROP TABLE IF EXISTS `transactions`;

CREATE TABLE `transactions` (
  `id` int(10) unsigned NOT NULL AUTO_INCREMENT,
  `timeout` datetime NOT NULL,
  `address` varchar(191) COLLATE utf8mb4_unicode_ci NOT NULL,
  `regency` varchar(50) COLLATE utf8mb4_unicode_ci NOT NULL,
  `province` varchar(50) COLLATE utf8mb4_unicode_ci NOT NULL,
  `total` double(12,2) NOT NULL,
  `shipping_cost` double(12,2) NOT NULL,
  `sub_total` double(12,2) NOT NULL,
  `user_id` int(20) unsigned NOT NULL,
  `courier_id` int(10) unsigned NOT NULL,
  `proof_of_payment` varchar(191) COLLATE utf8mb4_unicode_ci DEFAULT NULL,
  `created_at` timestamp NULL DEFAULT NULL,
  `updated_at` timestamp NULL DEFAULT NULL,
  `status` enum('unverified','verified','delivered','success','expired','canceled') COLLATE utf8mb4_unicode_ci DEFAULT NULL,
  `telp` varchar(20) COLLATE utf8mb4_unicode_ci DEFAULT NULL,
  PRIMARY KEY (`id`),
  KEY `courier_id` (`courier_id`),
  KEY `user_id` (`user_id`),
  CONSTRAINT `transactions_ibfk_1` FOREIGN KEY (`courier_id`) REFERENCES `couriers` (`id`),
  CONSTRAINT `transactions_ibfk_2` FOREIGN KEY (`user_id`) REFERENCES `users` (`id`)
) ENGINE=InnoDB AUTO_INCREMENT=34 DEFAULT CHARSET=utf8mb4 COLLATE=utf8mb4_unicode_ci;

/*Data for the table `transactions` */

insert  into `transactions`(`id`,`timeout`,`address`,`regency`,`province`,`total`,`shipping_cost`,`sub_total`,`user_id`,`courier_id`,`proof_of_payment`,`created_at`,`updated_at`,`status`,`telp`) values (1,'2021-05-28 14:41:02','fff','Balikpapan','Kalimantan Timur',54000.00,54000.00,12000.00,1,1,'1622471441_31-5-2021.png','2021-05-27 14:41:02','2021-05-31 17:36:32','expired','081339582889'),(2,'2021-05-28 14:45:20','fff','Banjarnegara','Jawa Tengah',34000.00,34000.00,12000.00,1,1,'1622471476_31-5-2021.png','2021-05-27 14:45:20','2021-05-31 17:36:32','expired','081339582889'),(3,'2021-05-28 14:55:20','BANJAR PEKARANGAN, RT/RW 000/000, Kel/Desa BATURITI, Kecamatan BATURITI','Jakarta Barat','DKI Jakarta',30000.00,30000.00,12000.00,1,1,NULL,'2021-05-27 14:55:20','2021-05-31 17:36:32','expired','000'),(4,'2021-05-28 14:55:45','BANJAR PEKARANGAN, RT/RW 000/000, Kel/Desa BATURITI, Kecamatan BATURITI','Jakarta Barat','DKI Jakarta',30000.00,30000.00,12000.00,1,1,NULL,'2021-05-27 14:55:45','2021-05-31 17:36:32','expired','000'),(5,'2021-05-28 14:56:10','BANJAR PEKARANGAN, RT/RW 000/000, Kel/Desa BATURITI, Kecamatan BATURITI','Bangka','Bangka Belitung',56000.00,56000.00,12000.00,1,1,NULL,'2021-05-27 14:56:10','2021-05-31 17:36:32','expired','000'),(6,'2021-05-28 14:57:40','asdasd','Balangan','Kalimantan Selatan',56000.00,56000.00,12000.00,1,1,NULL,'2021-05-27 14:57:40','2021-05-31 17:36:32','expired','081339582889'),(7,'2021-05-28 15:09:29','BANJAR PEKARANGAN, RT/RW 000/000, Kel/Desa BATURITI, Kecamatan BATURITI','Boalemo','Gorontalo',86000.00,86000.00,12000.00,1,1,NULL,'2021-05-27 15:09:29','2021-05-31 17:36:32','expired','081339582889'),(8,'2021-05-28 15:10:28','BANJAR PEKARANGAN, RT/RW 000/000, Kel/Desa BATURITI, Kecamatan BATURITI','Bantul','DI Yogyakarta',30000.00,30000.00,12000.00,1,1,NULL,'2021-05-27 15:10:28','2021-05-31 17:36:32','expired','081339582889'),(9,'2021-05-28 15:12:24','asdasd','Cilegon','Banten',39000.00,39000.00,20000.00,1,1,NULL,'2021-05-27 15:12:24','2021-05-31 17:36:32','expired','000'),(10,'2021-05-28 15:26:21','BANJAR PEKARANGAN, RT/RW 000/000, Kel/Desa BATURITI, Kecamatan BATURITI','Banjarnegara','Jawa Tengah',34000.00,34000.00,12000.00,1,1,NULL,'2021-05-27 15:26:21','2021-05-31 17:36:32','expired','081339582889'),(11,'2021-05-28 16:27:15','fff','Bangkalan','Jawa Timur',30000.00,30000.00,12000.00,1,1,NULL,'2021-05-27 16:27:15','2021-05-31 17:36:32','expired','123123123123'),(12,'2021-05-28 19:52:12','asdasd','Bengkulu','Bengkulu',55000.00,55000.00,12000.00,1,1,'1622116804_Pngtreeorange vesak day buddha\'s birthday_6098578.png','2021-05-27 19:52:12','2021-05-27 12:11:18','success','088'),(13,'2021-05-28 20:12:57','BANJAR PEKARANGAN, RT/RW 000/000, Kel/Desa BATURITI, Kecamatan BATURITI','Barito Selatan','Kalimantan Tengah',56000.00,56000.00,12000.00,1,1,NULL,'2021-05-27 20:12:57','2021-05-27 12:16:01','canceled','088'),(14,'2021-05-31 16:34:56','BANJAR PEKARANGAN, RT/RW 000/000, Kel/Desa BATURITI, Kecamatan BATURITI','Batang Hari','Jambi',55000.00,43000.00,12000.00,1,1,'1622363707_Pngtreeorange vesak day buddha\'s birthday_6098578.png','2021-05-30 16:34:56','2021-05-31 17:36:32','expired','081339582889'),(15,'2021-06-01 20:32:42','BANJAR PEKARANGAN, RT/RW 000/000, Kel/Desa BATURITI, Kecamatan BATURITI','Balangan','Kalimantan Selatan',70000.00,70000.00,24000.00,1,2,NULL,'2021-05-31 20:32:42','2021-06-02 08:45:41','expired','123123'),(16,'2021-06-01 22:05:47','BANJAR PEKARANGAN, RT/RW 000/000, Kel/Desa BATURITI, Kecamatan BATURITI','Kutai Barat','Kalimantan Timur',58000.00,58000.00,12000.00,1,1,NULL,'2021-05-31 22:05:47','2021-05-31 14:05:55','canceled','081339582889'),(17,'2021-06-01 22:06:14','000','Barito Selatan','Kalimantan Tengah',56000.00,56000.00,12000.00,1,1,'1622469984_31-5-2021.png','2021-05-31 22:06:14','2021-05-31 14:07:06','success','081339582889'),(18,'2021-06-01 22:23:24','BANJAR PEKARANGAN, RT/RW 000/000, Kel/Desa BATURITI, Kecamatan BATURITI','Tabanan','Bali',21000.00,21000.00,12000.00,1,1,'1622471030_31-5-2021.png','2021-05-31 22:23:24','2021-05-31 14:25:09','success','081339582889'),(19,'2021-06-01 22:26:25','BANJAR PEKARANGAN, RT/RW 000/000, Kel/Desa BATURITI, Kecamatan BATURITI','Nunukan','Kalimantan Utara',72000.00,72000.00,15000.00,1,1,'1622471195_31-5-2021.png','2021-05-31 22:26:25','2021-05-31 14:26:55','success','081339582889'),(20,'2021-06-02 01:08:07','BANJAR PEKARANGAN, RT/RW 000/000, Kel/Desa BATURITI, Kecamatan BATURITI','Balikpapan','Kalimantan Timur',54000.00,54000.00,12000.00,1,1,'1622480940_31-5-2021.png','2021-06-01 01:08:07','2021-05-31 17:41:45','success','081339582889'),(21,'2021-06-03 16:45:38','ffff','Balangan','Kalimantan Selatan',56000.00,56000.00,12000.00,1,1,'1622623554_logo-garuda-hd-34023.png','2021-06-02 16:45:38','2021-06-02 08:46:06','verified','081339582889'),(22,'2021-06-03 16:47:15','BANJAR PEKARANGAN, RT/RW 000/000, Kel/Desa BATURITI, Kecamatan BATURITI','Bengkayang','Kalimantan Barat',57000.00,57000.00,12000.00,1,1,'1622623646_logo-garuda-hd-34023.png','2021-06-02 16:47:15','2021-06-02 08:57:26','verified','081339582889'),(23,'2021-06-03 16:58:04','BANJAR PEKARANGAN, RT/RW 000/000, Kel/Desa BATURITI, Kecamatan BATURITI','Boalemo','Gorontalo',86000.00,86000.00,12000.00,1,1,'1622624293_logo-garuda-hd-34023.png','2021-06-02 16:58:04','2021-06-02 08:58:22','verified','081339582889'),(24,'2021-06-03 17:00:35','BANJAR PEKARANGAN, RT/RW 000/000, Kel/Desa BATURITI, Kecamatan BATURITI','Balikpapan','Kalimantan Timur',54000.00,54000.00,12000.00,1,1,'1622624444_logo-garuda-hd-34023.png','2021-06-02 17:00:35','2021-06-02 09:01:30','verified','123123'),(25,'2021-06-03 18:05:12','BANJAR PEKARANGAN, RT/RW 000/000, Kel/Desa BATURITI, Kecamatan BATURITI','Balangan','Kalimantan Selatan',62000.00,62000.00,12000.00,1,3,'1622628937_logo-garuda-hd-34023.png','2021-06-02 18:05:12','2021-06-02 10:16:03','success','081339582889'),(26,'2021-06-04 00:03:08','BANJAR PEKARANGAN, RT/RW 000/000, Kel/Desa BATURITI, Kecamatan BATURITI','Balikpapan','Kalimantan Timur',57000.00,57000.00,12000.00,1,1,NULL,'2021-06-03 00:03:08','2021-06-03 00:03:08','unverified','081339582889'),(27,'2021-06-04 00:06:17','BANJAR PEKARANGAN, RT/RW 000/000, Kel/Desa BATURITI, Kecamatan BATURITI','Balikpapan','Kalimantan Timur',57000.00,57000.00,12000.00,1,1,NULL,'2021-06-03 00:06:17','2021-06-03 00:06:17','unverified','081339582889'),(28,'2021-06-04 01:38:25','BANJAR PEKARANGAN, RT/RW 000/000, Kel/Desa BATURITI, Kecamatan BATURITI','Kotawaringin Timur','Kalimantan Tengah',50000.00,38000.00,12000.00,1,1,NULL,'2021-06-03 01:38:25','2021-06-03 01:38:25','unverified','081339582889'),(29,'2021-06-04 01:43:21','ffff','Bintan','Kepulauan Riau',61000.00,49000.00,12000.00,1,3,NULL,'2021-06-03 01:43:21','2021-06-03 01:43:21','unverified','081339582889'),(30,'2021-06-04 16:07:46','BANJAR PEKARANGAN, RT/RW 000/000, Kel/Desa BATURITI, Kecamatan BATURITI','Denpasar','Bali',23000.00,8000.00,15000.00,1,1,'1622707677_logo-garuda-hd-34023.png','2021-06-03 16:07:46','2021-06-03 08:08:20','success','081339582889'),(31,'2021-06-04 16:29:52','BANJAR PEKARANGAN, RT/RW 000/000, Kel/Desa BATURITI, Kecamatan BATURITI','Lampung Barat','Lampung',60000.00,45000.00,15000.00,1,1,'1622709001_3-5-2021 itsm.png','2021-06-03 16:29:52','2021-06-03 08:30:17','success','123123123123'),(32,'2021-06-04 16:42:17','BANJAR PEKARANGAN, RT/RW 000/000, Kel/Desa BATURITI, Kecamatan BATURITI','Bengkulu','Bengkulu',55000.00,55000.00,12000.00,1,1,NULL,'2021-06-03 16:42:17','2021-06-03 16:42:17','unverified','081339582889'),(33,'2021-06-04 16:42:34','BANJAR PEKARANGAN, RT/RW 000/000, Kel/Desa BATURITI, Kecamatan BATURITI','Bangkalan','Jawa Timur',30000.00,30000.00,12000.00,1,1,NULL,'2021-06-03 16:42:34','2021-06-03 16:42:34','unverified','081339582889');

/*Table structure for table `user_notifications` */

DROP TABLE IF EXISTS `user_notifications`;

CREATE TABLE `user_notifications` (
  `id` char(36) COLLATE utf8mb4_unicode_ci NOT NULL,
  `type` varchar(191) COLLATE utf8mb4_unicode_ci NOT NULL,
  `notifiable_type` varchar(191) COLLATE utf8mb4_unicode_ci NOT NULL,
  `notifiable_id` int(11) unsigned NOT NULL,
  `data` text COLLATE utf8mb4_unicode_ci NOT NULL,
  `read_at` timestamp NULL DEFAULT NULL,
  `created_at` timestamp NULL DEFAULT NULL,
  `updated_at` timestamp NULL DEFAULT NULL,
  PRIMARY KEY (`id`),
  KEY `user_notifications_notifiable_type_notifiable_id_index` (`notifiable_type`,`notifiable_id`),
  KEY `notifiable_id` (`notifiable_id`),
  CONSTRAINT `user_notifications_ibfk_1` FOREIGN KEY (`notifiable_id`) REFERENCES `users` (`id`)
) ENGINE=InnoDB DEFAULT CHARSET=utf8mb4 COLLATE=utf8mb4_unicode_ci;

/*Data for the table `user_notifications` */

insert  into `user_notifications`(`id`,`type`,`notifiable_type`,`notifiable_id`,`data`,`read_at`,`created_at`,`updated_at`) values ('1951e70b-37b5-4715-9546-d0e023a38a7e','App\\Notifications\\UserNotification','App\\User',1,'<a href =\'/transaksi/detail/21\'>Status Transaksimu dengan id 21 telah diupdate</a>','2021-06-02 16:17:58','2021-06-02 08:46:06','2021-06-02 16:17:58'),('281d31d9-0e4a-402b-9e62-9f08005af02b','App\\Notifications\\UserNotification','App\\User',1,'<a href =\'/transaksi/detail/19\'>Status Transaksimu dengan id 19 telah diupdate</a>','2021-06-02 16:17:58','2021-05-31 14:26:55','2021-06-02 16:17:58'),('338ddd60-2351-4411-b7d4-a30ad680d713','App\\Notifications\\UserNotification','App\\User',1,'<a href =\'/transaksi/detail/30\'>Status Transaksimu dari produk Rajutan Kain telah diupdate</a>',NULL,'2021-06-03 08:08:07','2021-06-03 08:08:07'),('3a36b6df-5328-485b-8b83-f488005eddc2','App\\Notifications\\UserNotification','App\\User',1,'<a href =\'/transaksi/detail/22\'>Status Transaksimu dengan id Gantungan Dinding Rajutan telah diupdate</a>','2021-06-02 16:17:58','2021-06-02 08:57:26','2021-06-02 16:17:58'),('40c17131-8701-4123-818e-78e8f1e02add','App\\Notifications\\UserNotification','App\\User',1,'<a href =\'/transaksi/detail/17\'>Status Transaksimu dengan id 17 telah diupdate</a>','2021-06-02 16:17:58','2021-05-31 14:06:57','2021-06-02 16:17:58'),('58ade19c-d61b-4dd6-94a7-62f1d11d591b','App\\Notifications\\UserNotification','App\\User',1,'<a href =\'/transaksi/detail/20\'>Status Transaksimu dengan id 20 telah diupdate</a>','2021-06-02 16:17:58','2021-05-31 17:41:39','2021-06-02 16:17:58'),('618058ee-ae01-47bf-85a4-0e116b5a09ea','App\\Notifications\\UserNotification','App\\User',1,'<a href =\'/transaksi/detail/20\'>Status Transaksimu dengan id 20 telah diupdate</a>','2021-06-02 16:17:58','2021-05-31 17:41:45','2021-06-02 16:17:58'),('6ec9db89-30c0-481d-a2d0-357b35ba25f7','App\\Notifications\\UserNotification','App\\User',1,'<a href =\'/product/1\'>Reviewmu di produk Gantungan Dinding Rajutan telah direspon oleh admin</a>','2021-06-02 16:17:58','2021-06-02 10:18:01','2021-06-02 16:17:58'),('723f1319-cea5-409e-bb57-805ebcc0c368','App\\Notifications\\UserNotification','App\\User',1,'<a href =\'/transaksi/detail/12\'>Status Transaksimu dengan id 12 telah diupdate</a>','2021-06-02 16:17:58','2021-05-27 12:03:51','2021-06-02 16:17:58'),('7657f1aa-b974-428e-8a2e-d423509ab967','App\\Notifications\\UserNotification','App\\User',1,'<a href =\'/transaksi/detail/30\'>Status Transaksimu dari produk Rajutan Kain telah diupdate</a>',NULL,'2021-06-03 08:08:09','2021-06-03 08:08:09'),('7cde6e44-621e-4863-9b3c-12b5a809db98','App\\Notifications\\UserNotification','App\\User',1,'<a href =\'/transaksi/detail/18\'>Status Transaksimu dengan id 18 telah diupdate</a>','2021-06-02 16:17:58','2021-05-31 14:24:59','2021-06-02 16:17:58'),('82e85017-a6fb-4551-8b8a-fa23fd29a6d9','App\\Notifications\\UserNotification','App\\User',1,'<a href =\'/transaksi/detail/12\'>Status Transaksimu dengan id 12 telah diupdate</a>','2021-06-02 16:17:58','2021-05-27 12:11:18','2021-06-02 16:17:58'),('87699be8-4ad3-47a3-a77f-a6614e66d921','App\\Notifications\\UserNotification','App\\User',1,'<a href =\'/transaksi/detail/30\'>Status Transaksimu dari produk Rajutan Kain telah diupdate</a>',NULL,'2021-06-03 08:08:20','2021-06-03 08:08:20'),('88b55f59-85b1-4347-8762-bb56375c631a','App\\Notifications\\UserNotification','App\\User',1,'<a href =\'/transaksi/detail/25\'>Status Transaksimu dari produk Gantungan Dinding Rajutan telah diupdate</a>','2021-06-02 16:17:58','2021-06-02 10:16:03','2021-06-02 16:17:58'),('92f19b64-1580-4e1e-b246-9808099703a7','App\\Notifications\\UserNotification','App\\User',1,'<a href =\'/transaksi/detail/31\'>Status Transaksimu dari produk Rajutan Kain telah diupdate</a>',NULL,'2021-06-03 08:30:11','2021-06-03 08:30:11'),('987990da-e526-4463-b4f9-2a5ad01b0087','App\\Notifications\\UserNotification','App\\User',1,'<a href =\'/transaksi/detail/17\'>Status Transaksimu dengan id 17 telah diupdate</a>','2021-06-02 16:17:58','2021-05-31 14:07:06','2021-06-02 16:17:58'),('9aa292d3-87eb-4833-8422-8fae7fcadeaa','App\\Notifications\\UserNotification','App\\User',1,'<a href =\'/transaksi/detail/13\'>Status Transaksimu dengan id 13 telah diupdate</a>','2021-06-02 16:17:58','2021-05-27 12:16:01','2021-06-02 16:17:58'),('9f58210a-109a-469c-a651-c3baa4a63691','App\\Notifications\\UserNotification','App\\User',1,'<a href =\'/transaksi/detail/24\'>Status Transaksimu dari produk Gantungan Dinding Rajutan telah diupdate</a>','2021-06-02 16:17:58','2021-06-02 09:01:30','2021-06-02 16:17:58'),('a22cd531-b6f2-4b67-a2dc-8f5251017e3a','App\\Notifications\\UserNotification','App\\User',1,'<a href =\'/transaksi/detail/31\'>Status Transaksimu dari produk Rajutan Kain telah diupdate</a>',NULL,'2021-06-03 08:30:17','2021-06-03 08:30:17'),('a24eb999-5586-46a8-9e6a-3021f6490582','App\\Notifications\\UserNotification','App\\User',1,'<a href =\'/transaksi/detail/19\'>Status Transaksimu dengan id 19 telah diupdate</a>','2021-06-02 16:17:58','2021-05-31 14:26:49','2021-06-02 16:17:58'),('a43dc5f4-f101-43fb-a304-a393318b19dc','App\\Notifications\\UserNotification','App\\User',1,'<a href =\'/transaksi/detail/25\'>Status Transaksimu dari produk Gantungan Dinding Rajutan telah diupdate</a>','2021-06-02 16:17:58','2021-06-02 10:15:52','2021-06-02 16:17:58'),('bc9ee454-2264-4cd2-b0b4-e6730f8b7374','App\\Notifications\\UserNotification','App\\User',1,'<a href =\'/transaksi/detail/17\'>Status Transaksimu dengan id 17 telah diupdate</a>','2021-06-02 16:17:58','2021-05-31 14:06:52','2021-06-02 16:17:58'),('c0bfea73-d4a5-4272-b997-cd4041fabed3','App\\Notifications\\UserNotification','App\\User',1,'<a href =\'/transaksi/detail/18\'>Status Transaksimu dengan id 18 telah diupdate</a>','2021-06-02 16:17:58','2021-05-31 14:24:45','2021-06-02 16:17:58'),('c95e5c4d-e734-4e5f-bf4c-4d2704c50d3b','App\\Notifications\\UserNotification','App\\User',1,'<a href =\'/transaksi/detail/31\'>Status Transaksimu dari produk Rajutan Kain telah diupdate</a>',NULL,'2021-06-03 08:30:13','2021-06-03 08:30:13'),('cc3fab99-1aa3-4ec4-8ff5-ae4aba56eeb6','App\\Notifications\\UserNotification','App\\User',1,'<a href =\'/transaksi/detail/18\'>Status Transaksimu dengan id 18 telah diupdate</a>','2021-06-02 16:17:58','2021-05-31 14:25:09','2021-06-02 16:17:58'),('da61a59d-c638-4e17-8059-ca64d0e93371','App\\Notifications\\UserNotification','App\\User',1,'<a href =\'/transaksi/detail/19\'>Status Transaksimu dengan id 19 telah diupdate</a>','2021-06-02 16:17:58','2021-05-31 14:26:46','2021-06-02 16:17:58'),('dc4750b5-b6f1-4599-8295-9208b930256e','App\\Notifications\\UserNotification','App\\User',1,'<a href =\'/transaksi/detail/16\'>Status Transaksimu dengan id 16 telah diupdate</a>','2021-06-02 16:17:58','2021-05-31 14:05:55','2021-06-02 16:17:58'),('e0524dea-1ea6-4145-929e-9e3aea906f97','App\\Notifications\\UserNotification','App\\User',1,'<a href =\'/product/4\'>Reviewmu di produk Rajutan Kain telah direspon oleh admin</a>','2021-06-02 16:17:58','2021-05-31 14:28:20','2021-06-02 16:17:58'),('e12e345e-ac0c-4a60-9281-af8fbcc3fa88','App\\Notifications\\UserNotification','App\\User',1,'<a href =\'/product/1\'>Reviewmu di produk Gantungan Dinding Rajutan telah direspon oleh admin</a>','2021-06-02 16:17:58','2021-06-02 10:18:16','2021-06-02 16:17:58'),('eb4b5d62-e575-41d6-97ed-b62967042d4e','App\\Notifications\\UserNotification','App\\User',1,'<a href =\'/transaksi/detail/25\'>Status Transaksimu dari produk Gantungan Dinding Rajutan telah diupdate</a>','2021-06-02 16:17:58','2021-06-02 10:15:48','2021-06-02 16:17:58'),('f1c31711-6c7c-498b-b457-2bf78d97e4a0','App\\Notifications\\UserNotification','App\\User',1,'<a href =\'/transaksi/detail/23\'>Status Transaksimu dari produk Gantungan Dinding Rajutan telah diupdate</a>','2021-06-02 16:17:58','2021-06-02 08:58:22','2021-06-02 16:17:58'),('fb4c4a46-a21b-4845-9e45-dbefa66f6663','App\\Notifications\\UserNotification','App\\User',1,'<a href =\'/transaksi/detail/20\'>Status Transaksimu dengan id 20 telah diupdate</a>','2021-06-02 16:17:58','2021-05-31 17:41:38','2021-06-02 16:17:58'),('fd883891-e1e9-49fc-b508-29fc3b974a3e','App\\Notifications\\UserNotification','App\\User',1,'<a href =\'/transaksi/detail/12\'>Status Transaksimu dengan id 12 telah diupdate</a>','2021-06-02 16:17:58','2021-05-27 12:11:04','2021-06-02 16:17:58');

/*Table structure for table `users` */

DROP TABLE IF EXISTS `users`;

CREATE TABLE `users` (
  `id` int(10) unsigned NOT NULL AUTO_INCREMENT,
  `name` varchar(191) COLLATE utf8mb4_unicode_ci NOT NULL,
  `email` varchar(191) COLLATE utf8mb4_unicode_ci NOT NULL,
  `profile_image` varchar(191) COLLATE utf8mb4_unicode_ci NOT NULL,
  `status` varchar(191) COLLATE utf8mb4_unicode_ci NOT NULL,
  `email_verified_at` timestamp NULL DEFAULT NULL,
  `password` varchar(191) COLLATE utf8mb4_unicode_ci NOT NULL,
  `remember_token` varchar(100) COLLATE utf8mb4_unicode_ci DEFAULT NULL,
  `created_at` timestamp NULL DEFAULT NULL,
  `updated_at` timestamp NULL DEFAULT NULL,
  `deleted_at` timestamp NULL DEFAULT NULL,
  PRIMARY KEY (`id`),
  UNIQUE KEY `users_email_unique` (`email`)
) ENGINE=InnoDB AUTO_INCREMENT=5 DEFAULT CHARSET=utf8mb4 COLLATE=utf8mb4_unicode_ci;

/*Data for the table `users` */

insert  into `users`(`id`,`name`,`email`,`profile_image`,`status`,`email_verified_at`,`password`,`remember_token`,`created_at`,`updated_at`,`deleted_at`) values (1,'Test','tes@gmail.com','1622627239.jpg','Sudah Terdaftar','2020-04-06 18:16:56','$2y$10$LqZfEyLQsPzeO4uC6PYk2u/JlTGHKlW4TDRuej2A9CY1fUybkKRTu',NULL,'2020-04-06 18:16:16','2021-06-02 09:47:19',NULL);

/*!40101 SET SQL_MODE=@OLD_SQL_MODE */;
/*!40014 SET FOREIGN_KEY_CHECKS=@OLD_FOREIGN_KEY_CHECKS */;
/*!40014 SET UNIQUE_CHECKS=@OLD_UNIQUE_CHECKS */;
/*!40111 SET SQL_NOTES=@OLD_SQL_NOTES */;
